timestamp,site_id,solar_generation_kwh,wind_generation_kwh,energy_consumption_kwh,battery_soc,battery_charge_kwh,battery_discharge_kwh,grid_import_kwh,grid_export_kwh
2026-01-01T00:00:00+00:00,site_001,0.0,20.14,23.13,47.0,0.0,2.99,0.0,0.0
2026-01-01T01:00:00+00:00,site_001,0.0,16.24,24.12,39.1,0.0,7.88,0.0,0.0
2026-01-01T02:00:00+00:00,site_001,0.0,20.11,26.38,32.8,0.0,6.27,0.0,0.0
2026-01-01T03:00:00+00:00,site_001,0.0,20.48,23.43,29.8,0.0,2.95,0.0,0.0
2026-01-01T04:00:00+00:00,site_001,0.0,14.22,23.15,20.9,0.0,8.93,0.0,0.0
2026-01-01T05:00:00+00:00,site_001,0.0,10.38,25.53,10.0,0.0,10.9,4.25,0.0
2026-01-01T06:00:00+00:00,site_001,0.0,8.24,26.25,10.0,0.0,0.0,18.01,0.0
2026-01-01T07:00:00+00:00,site_001,13.76,6.51,46.95,10.0,0.0,0.0,26.68,0.0
2026-01-01T08:00:00+00:00,site_001,28.57,2.56,48.03,10.0,0.0,0.0,16.9,0.0
2026-01-01T09:00:00+00:00,site_001,39.22,4.35,44.78,10.0,0.0,0.0,1.21,0.0
2026-01-01T10:00:00+00:00,site_001,51.41,3.12,35.46,29.1,19.07,0.0,0.0,0.0
2026-01-01T11:00:00+00:00,site_001,44.87,7.48,38.02,43.4,14.33,0.0,0.0,0.0
2026-01-01T12:00:00+00:00,site_001,57.11,6.05,37.68,63.4,20.0,0.0,0.0,5.48
2026-01-01T13:00:00+00:00,site_001,57.57,2.79,37.76,83.4,20.0,0.0,0.0,2.6
2026-01-01T14:00:00+00:00,site_001,49.75,5.94,39.31,99.8,16.38,0.0,0.0,0.0
2026-01-01T15:00:00+00:00,site_001,37.94,7.99,35.23,100.0,0.2,0.0,0.0,10.5
2026-01-01T16:00:00+00:00,site_001,24.21,5.39,35.4,94.2,0.0,5.8,0.0,0.0
2026-01-01T17:00:00+00:00,site_001,12.55,5.32,52.89,74.2,0.0,20.0,15.02,0.0
2026-01-01T18:00:00+00:00,site_001,0.0,9.9,53.35,54.2,0.0,20.0,23.45,0.0
2026-01-01T19:00:00+00:00,site_001,0.0,10.29,52.83,34.2,0.0,20.0,22.54,0.0
2026-01-01T20:00:00+00:00,site_001,0.0,19.37,54.74,14.2,0.0,20.0,15.37,0.0
2026-01-01T21:00:00+00:00,site_001,0.0,17.64,52.36,10.0,0.0,4.2,30.52,0.0
2026-01-01T22:00:00+00:00,site_001,0.0,20.04,23.82,10.0,0.0,0.0,3.78,0.0
2026-01-01T23:00:00+00:00,site_001,0.0,17.29,27.95,10.0,0.0,0.0,10.66,0.0
2026-01-02T00:00:00+00:00,site_001,0.0,20.15,25.78,10.0,0.0,0.0,5.63,0.0
2026-01-02T01:00:00+00:00,site_001,0.0,20.34,27.21,10.0,0.0,0.0,6.87,0.0
2026-01-02T02:00:00+00:00,site_001,0.0,20.51,24.15,10.0,0.0,0.0,3.64,0.0
2026-01-02T03:00:00+00:00,site_001,0.0,11.87,24.58,10.0,0.0,0.0,12.71,0.0
2026-01-02T04:00:00+00:00,site_001,0.0,12.68,24.05,10.0,0.0,0.0,11.37,0.0
2026-01-02T05:00:00+00:00,site_001,0.0,17.62,27.38,10.0,0.0,0.0,9.76,0.0
2026-01-02T06:00:00+00:00,site_001,0.0,12.8,24.98,10.0,0.0,0.0,12.18,0.0
2026-01-02T07:00:00+00:00,site_001,15.2,8.9,45.32,10.0,0.0,0.0,21.22,0.0
2026-01-02T08:00:00+00:00,site_001,24.35,8.11,45.31,10.0,0.0,0.0,12.85,0.0
2026-01-02T09:00:00+00:00,site_001,38.02,9.92,46.0,11.9,1.94,0.0,0.0,0.0
2026-01-02T10:00:00+00:00,site_001,41.82,9.73,37.55,25.9,14.0,0.0,0.0,0.0
2026-01-02T11:00:00+00:00,site_001,44.78,0.0,35.55,35.1,9.23,0.0,0.0,0.0
2026-01-02T12:00:00+00:00,site_001,54.41,6.67,37.11,55.1,20.0,0.0,0.0,3.97
2026-01-02T13:00:00+00:00,site_001,44.39,2.82,39.98,62.3,7.23,0.0,0.0,0.0
2026-01-02T14:00:00+00:00,site_001,45.84,9.47,39.3,78.3,16.01,0.0,0.0,0.0
2026-01-02T15:00:00+00:00,site_001,31.94,8.15,38.41,80.0,1.68,0.0,0.0,0.0
2026-01-02T16:00:00+00:00,site_001,26.53,5.17,38.2,73.5,0.0,6.5,0.0,0.0
2026-01-02T17:00:00+00:00,site_001,12.08,8.66,53.77,53.5,0.0,20.0,13.03,0.0
2026-01-02T18:00:00+00:00,site_001,0.0,15.01,52.82,33.5,0.0,20.0,17.81,0.0
2026-01-02T19:00:00+00:00,site_001,0.0,13.2,52.39,13.5,0.0,20.0,19.19,0.0
2026-01-02T20:00:00+00:00,site_001,0.0,19.13,55.85,10.0,0.0,3.5,33.22,0.0
2026-01-02T21:00:00+00:00,site_001,0.0,14.54,54.69,10.0,0.0,0.0,40.15,0.0
2026-01-02T22:00:00+00:00,site_001,0.0,18.83,23.76,10.0,0.0,0.0,4.93,0.0
2026-01-02T23:00:00+00:00,site_001,0.0,21.12,25.7,10.0,0.0,0.0,4.58,0.0
2026-01-03T00:00:00+00:00,site_001,0.0,21.54,21.9,10.0,0.0,0.0,0.36,0.0
2026-01-03T01:00:00+00:00,site_001,0.0,13.5,20.87,10.0,0.0,0.0,7.37,0.0
2026-01-03T02:00:00+00:00,site_001,0.0,12.94,23.9,10.0,0.0,0.0,10.96,0.0
2026-01-03T03:00:00+00:00,site_001,0.0,20.34,23.41,10.0,0.0,0.0,3.07,0.0
2026-01-03T04:00:00+00:00,site_001,0.0,13.08,19.54,10.0,0.0,0.0,6.46,0.0
2026-01-03T05:00:00+00:00,site_001,0.0,16.97,23.98,10.0,0.0,0.0,7.01,0.0
2026-01-03T06:00:00+00:00,site_001,0.0,11.11,19.6,10.0,0.0,0.0,8.49,0.0
2026-01-03T07:00:00+00:00,site_001,14.6,11.97,33.54,10.0,0.0,0.0,6.97,0.0
2026-01-03T08:00:00+00:00,site_001,26.06,8.0,34.23,10.0,0.0,0.0,0.17,0.0
2026-01-03T09:00:00+00:00,site_001,41.07,5.18,33.96,22.3,12.29,0.0,0.0,0.0
2026-01-03T10:00:00+00:00,site_001,45.98,7.05,28.06,42.3,20.0,0.0,0.0,4.97
2026-01-03T11:00:00+00:00,site_001,47.98,8.96,30.3,62.3,20.0,0.0,0.0,6.64
2026-01-03T12:00:00+00:00,site_001,51.57,3.93,27.66,82.3,20.0,0.0,0.0,7.84
2026-01-03T13:00:00+00:00,site_001,46.72,2.39,29.99,100.0,17.7,0.0,0.0,1.42
2026-01-03T14:00:00+00:00,site_001,41.96,1.96,27.4,100.0,0.0,0.0,0.0,16.52
2026-01-03T15:00:00+00:00,site_001,38.51,3.24,31.58,100.0,0.0,0.0,0.0,10.17
2026-01-03T16:00:00+00:00,site_001,28.95,3.21,28.24,100.0,0.0,0.0,0.0,3.92
2026-01-03T17:00:00+00:00,site_001,14.24,6.45,38.44,82.2,0.0,17.75,0.0,0.0
2026-01-03T18:00:00+00:00,site_001,0.0,11.96,40.14,62.2,0.0,20.0,8.18,0.0
2026-01-03T19:00:00+00:00,site_001,0.0,16.04,41.81,42.2,0.0,20.0,5.77,0.0
2026-01-03T20:00:00+00:00,site_001,0.0,11.9,38.26,22.2,0.0,20.0,6.36,0.0
2026-01-03T21:00:00+00:00,site_001,0.0,15.86,39.89,10.0,0.0,12.2,11.83,0.0
2026-01-03T22:00:00+00:00,site_001,0.0,17.42,22.9,10.0,0.0,0.0,5.48,0.0
2026-01-03T23:00:00+00:00,site_001,0.0,20.23,24.17,10.0,0.0,0.0,3.94,0.0
2026-01-04T00:00:00+00:00,site_001,0.0,14.73,21.26,10.0,0.0,0.0,6.53,0.0
2026-01-04T01:00:00+00:00,site_001,0.0,16.89,23.56,10.0,0.0,0.0,6.67,0.0
2026-01-04T02:00:00+00:00,site_001,0.0,15.23,20.2,10.0,0.0,0.0,4.97,0.0
2026-01-04T03:00:00+00:00,site_001,0.0,16.04,21.36,10.0,0.0,0.0,5.32,0.0
2026-01-04T04:00:00+00:00,site_001,0.0,12.79,20.5,10.0,0.0,0.0,7.71,0.0
2026-01-04T05:00:00+00:00,site_001,0.0,17.42,21.47,10.0,0.0,0.0,4.05,0.0
2026-01-04T06:00:00+00:00,site_001,0.0,11.75,19.5,10.0,0.0,0.0,7.75,0.0
2026-01-04T07:00:00+00:00,site_001,15.53,12.67,37.74,10.0,0.0,0.0,9.54,0.0
2026-01-04T08:00:00+00:00,site_001,29.45,10.99,33.73,16.7,6.71,0.0,0.0,0.0
2026-01-04T09:00:00+00:00,site_001,36.97,3.08,34.91,21.8,5.14,0.0,0.0,0.0
2026-01-04T10:00:00+00:00,site_001,39.73,3.54,31.98,33.1,11.29,0.0,0.0,0.0
2026-01-04T11:00:00+00:00,site_001,47.31,6.85,29.33,53.1,20.0,0.0,0.0,4.83
2026-01-04T12:00:00+00:00,site_001,51.35,8.32,32.03,73.1,20.0,0.0,0.0,7.64
2026-01-04T13:00:00+00:00,site_001,51.52,6.19,27.82,93.1,20.0,0.0,0.0,9.89
2026-01-04T14:00:00+00:00,site_001,42.83,9.44,29.95,100.0,6.9,0.0,0.0,15.42
2026-01-04T15:00:00+00:00,site_001,37.57,8.43,27.34,100.0,0.0,0.0,0.0,18.66
2026-01-04T16:00:00+00:00,site_001,26.88,7.53,31.31,100.0,0.0,0.0,0.0,3.1
2026-01-04T17:00:00+00:00,site_001,12.26,13.92,38.18,88.0,0.0,12.0,0.0,0.0
2026-01-04T18:00:00+00:00,site_001,0.0,12.2,41.15,68.0,0.0,20.0,8.95,0.0
2026-01-04T19:00:00+00:00,site_001,0.0,10.54,38.37,48.0,0.0,20.0,7.83,0.0
2026-01-04T20:00:00+00:00,site_001,0.0,18.9,39.01,28.0,0.0,20.0,0.11,0.0
2026-01-04T21:00:00+00:00,site_001,0.0,17.5,40.87,10.0,0.0,18.0,5.37,0.0
2026-01-04T22:00:00+00:00,site_001,0.0,16.94,22.17,10.0,0.0,0.0,5.23,0.0
2026-01-04T23:00:00+00:00,site_001,0.0,18.72,23.92,10.0,0.0,0.0,5.2,0.0
2026-01-05T00:00:00+00:00,site_001,0.0,15.79,26.58,10.0,0.0,0.0,10.79,0.0
2026-01-05T01:00:00+00:00,site_001,0.0,15.88,24.98,10.0,0.0,0.0,9.1,0.0
2026-01-05T02:00:00+00:00,site_001,0.0,19.46,24.5,10.0,0.0,0.0,5.04,0.0
2026-01-05T03:00:00+00:00,site_001,0.0,14.72,26.76,10.0,0.0,0.0,12.04,0.0
2026-01-05T04:00:00+00:00,site_001,0.0,10.73,25.29,10.0,0.0,0.0,14.56,0.0
2026-01-05T05:00:00+00:00,site_001,0.0,18.18,27.98,10.0,0.0,0.0,9.8,0.0
2026-01-05T06:00:00+00:00,site_001,0.0,8.38,24.33,10.0,0.0,0.0,15.95,0.0
2026-01-05T07:00:00+00:00,site_001,15.27,13.12,48.4,10.0,0.0,0.0,20.01,0.0
2026-01-05T08:00:00+00:00,site_001,25.27,4.08,48.17,10.0,0.0,0.0,18.82,0.0
2026-01-05T09:00:00+00:00,site_001,39.28,7.06,48.94,10.0,0.0,0.0,2.6,0.0
2026-01-05T10:00:00+00:00,site_001,47.47,0.0,39.09,18.4,8.38,0.0,0.0,0.0
2026-01-05T11:00:00+00:00,site_001,47.8,5.64,39.69,32.1,13.75,0.0,0.0,0.0
2026-01-05T12:00:00+00:00,site_001,47.01,0.0,35.54,43.6,11.47,0.0,0.0,0.0
2026-01-05T13:00:00+00:00,site_001,51.48,1.73,38.02,58.8,15.19,0.0,0.0,0.0
2026-01-05T14:00:00+00:00,site_001,48.29,1.79,38.17,70.7,11.91,0.0,0.0,0.0
2026-01-05T15:00:00+00:00,site_001,34.62,5.83,39.53,71.6,0.92,0.0,0.0,0.0
2026-01-05T16:00:00+00:00,site_001,28.85,3.42,37.12,66.8,0.0,4.85,0.0,0.0
2026-01-05T17:00:00+00:00,site_001,12.72,4.34,55.36,46.8,0.0,20.0,18.3,0.0
2026-01-05T18:00:00+00:00,site_001,0.0,8.87,55.21,26.8,0.0,20.0,26.34,0.0
2026-01-05T19:00:00+00:00,site_001,0.0,13.71,53.64,10.0,0.0,16.8,23.13,0.0
2026-01-05T20:00:00+00:00,site_001,0.0,10.1,51.88,10.0,0.0,0.0,41.78,0.0
2026-01-05T21:00:00+00:00,site_001,0.0,20.38,56.02,10.0,0.0,0.0,35.64,0.0
2026-01-05T22:00:00+00:00,site_001,0.0,18.2,27.17,10.0,0.0,0.0,8.97,0.0
2026-01-05T23:00:00+00:00,site_001,0.0,19.32,23.74,10.0,0.0,0.0,4.42,0.0
2026-01-06T00:00:00+00:00,site_001,0.0,15.02,24.54,10.0,0.0,0.0,9.52,0.0
2026-01-06T01:00:00+00:00,site_001,0.0,22.48,26.98,10.0,0.0,0.0,4.5,0.0
2026-01-06T02:00:00+00:00,site_001,0.0,21.35,27.49,10.0,0.0,0.0,6.14,0.0
2026-01-06T03:00:00+00:00,site_001,0.0,13.65,24.25,10.0,0.0,0.0,10.6,0.0
2026-01-06T04:00:00+00:00,site_001,0.0,11.03,26.9,10.0,0.0,0.0,15.87,0.0
2026-01-06T05:00:00+00:00,site_001,0.0,17.03,25.03,10.0,0.0,0.0,8.0,0.0
2026-01-06T06:00:00+00:00,site_001,0.0,7.8,27.65,10.0,0.0,0.0,19.85,0.0
2026-01-06T07:00:00+00:00,site_001,15.0,14.07,48.05,10.0,0.0,0.0,18.98,0.0
2026-01-06T08:00:00+00:00,site_001,29.11,2.75,47.68,10.0,0.0,0.0,15.82,0.0
2026-01-06T09:00:00+00:00,site_001,35.34,10.25,48.01,10.0,0.0,0.0,2.42,0.0
2026-01-06T10:00:00+00:00,site_001,50.2,7.86,36.33,30.0,20.0,0.0,0.0,1.73
2026-01-06T11:00:00+00:00,site_001,54.87,0.09,39.36,45.6,15.6,0.0,0.0,0.0
2026-01-06T12:00:00+00:00,site_001,57.88,0.97,39.08,65.4,19.77,0.0,0.0,0.0
2026-01-06T13:00:00+00:00,site_001,50.14,2.06,38.98,78.6,13.22,0.0,0.0,0.0
2026-01-06T14:00:00+00:00,site_001,41.93,0.0,35.97,84.6,5.96,0.0,0.0,0.0
2026-01-06T15:00:00+00:00,site_001,35.3,9.59,39.83,89.7,5.06,0.0,0.0,0.0
2026-01-06T16:00:00+00:00,site_001,24.59,8.91,37.0,86.2,0.0,3.5,0.0,0.0
2026-01-06T17:00:00+00:00,site_001,15.46,9.67,56.2,66.2,0.0,20.0,11.07,0.0
2026-01-06T18:00:00+00:00,site_001,0.0,15.95,52.39,46.2,0.0,20.0,16.44,0.0
2026-01-06T19:00:00+00:00,site_001,0.0,17.82,52.83,26.2,0.0,20.0,15.01,0.0
2026-01-06T20:00:00+00:00,site_001,0.0,11.08,53.67,10.0,0.0,16.2,26.39,0.0
2026-01-06T21:00:00+00:00,site_001,0.0,18.84,53.07,10.0,0.0,0.0,34.23,0.0
2026-01-06T22:00:00+00:00,site_001,0.0,18.81,25.56,10.0,0.0,0.0,6.75,0.0
2026-01-06T23:00:00+00:00,site_001,0.0,17.35,25.88,10.0,0.0,0.0,8.53,0.0
2026-01-07T00:00:00+00:00,site_001,0.0,16.3,26.54,10.0,0.0,0.0,10.24,0.0
2026-01-07T01:00:00+00:00,site_001,0.0,13.51,27.63,10.0,0.0,0.0,14.12,0.0
2026-01-07T02:00:00+00:00,site_001,0.0,18.13,26.6,10.0,0.0,0.0,8.47,0.0
2026-01-07T03:00:00+00:00,site_001,0.0,18.97,26.35,10.0,0.0,0.0,7.38,0.0
2026-01-07T04:00:00+00:00,site_001,0.0,13.64,23.35,10.0,0.0,0.0,9.71,0.0
2026-01-07T05:00:00+00:00,site_001,0.0,14.83,24.65,10.0,0.0,0.0,9.82,0.0
2026-01-07T06:00:00+00:00,site_001,0.0,14.73,26.6,10.0,0.0,0.0,11.87,0.0
2026-01-07T07:00:00+00:00,site_001,12.81,7.4,46.04,10.0,0.0,0.0,25.83,0.0
2026-01-07T08:00:00+00:00,site_001,25.52,5.46,44.64,10.0,0.0,0.0,13.66,0.0
2026-01-07T09:00:00+00:00,site_001,36.28,10.35,47.39,10.0,0.0,0.0,0.76,0.0
2026-01-07T10:00:00+00:00,site_001,50.7,5.91,36.5,30.0,20.0,0.0,0.0,0.11
2026-01-07T11:00:00+00:00,site_001,51.41,0.0,36.43,45.0,14.98,0.0,0.0,0.0
2026-01-07T12:00:00+00:00,site_001,51.45,4.55,38.27,62.7,17.73,0.0,0.0,0.0
2026-01-07T13:00:00+00:00,site_001,50.2,3.43,36.07,80.3,17.56,0.0,0.0,0.0
2026-01-07T14:00:00+00:00,site_001,45.12,8.77,38.98,95.2,14.91,0.0,0.0,0.0
2026-01-07T15:00:00+00:00,site_001,33.62,1.79,37.58,93.0,0.0,2.17,0.0,0.0
2026-01-07T16:00:00+00:00,site_001,27.25,5.85,39.09,87.0,0.0,5.99,0.0,0.0
2026-01-07T17:00:00+00:00,site_001,14.56,11.04,52.62,67.0,0.0,20.0,7.02,0.0
2026-01-07T18:00:00+00:00,site_001,0.0,6.49,52.72,47.0,0.0,20.0,26.23,0.0
2026-01-07T19:00:00+00:00,site_001,0.0,12.94,55.75,27.0,0.0,20.0,22.81,0.0
2026-01-07T20:00:00+00:00,site_001,0.0,10.73,53.57,10.0,0.0,17.0,25.84,0.0
2026-01-07T21:00:00+00:00,site_001,0.0,17.85,52.47,10.0,0.0,0.0,34.62,0.0
2026-01-07T22:00:00+00:00,site_001,0.0,19.71,25.47,10.0,0.0,0.0,5.76,0.0
2026-01-07T23:00:00+00:00,site_001,0.0,15.93,26.28,10.0,0.0,0.0,10.35,0.0
2026-01-08T00:00:00+00:00,site_001,0.0,13.81,26.75,10.0,0.0,0.0,12.94,0.0
2026-01-08T01:00:00+00:00,site_001,0.0,21.19,23.53,10.0,0.0,0.0,2.34,0.0
2026-01-08T02:00:00+00:00,site_001,0.0,17.0,23.88,10.0,0.0,0.0,6.88,0.0
2026-01-08T03:00:00+00:00,site_001,0.0,21.13,25.59,10.0,0.0,0.0,4.46,0.0
2026-01-08T04:00:00+00:00,site_001,0.0,10.5,24.25,10.0,0.0,0.0,13.75,0.0
2026-01-08T05:00:00+00:00,site_001,0.0,16.67,25.28,10.0,0.0,0.0,8.61,0.0
2026-01-08T06:00:00+00:00,site_001,0.0,12.93,27.94,10.0,0.0,0.0,15.01,0.0
2026-01-08T07:00:00+00:00,site_001,13.96,13.81,48.46,10.0,0.0,0.0,20.69,0.0
2026-01-08T08:00:00+00:00,site_001,27.09,9.69,46.52,10.0,0.0,0.0,9.74,0.0
2026-01-08T09:00:00+00:00,site_001,40.63,6.43,48.49,10.0,0.0,0.0,1.43,0.0
2026-01-08T10:00:00+00:00,site_001,48.63,4.5,36.3,26.8,16.83,0.0,0.0,0.0
2026-01-08T11:00:00+00:00,site_001,47.05,5.38,38.83,40.4,13.6,0.0,0.0,0.0
2026-01-08T12:00:00+00:00,site_001,52.82,5.02,36.37,60.4,20.0,0.0,0.0,1.47
2026-01-08T13:00:00+00:00,site_001,44.59,1.86,36.36,70.5,10.09,0.0,0.0,0.0
2026-01-08T14:00:00+00:00,site_001,43.12,5.16,35.69,83.1,12.59,0.0,0.0,0.0
2026-01-08T15:00:00+00:00,site_001,34.27,7.89,38.53,86.7,3.63,0.0,0.0,0.0
2026-01-08T16:00:00+00:00,site_001,22.98,6.58,37.71,78.5,0.0,8.15,0.0,0.0
2026-01-08T17:00:00+00:00,site_001,13.26,6.38,53.6,58.5,0.0,20.0,13.96,0.0
2026-01-08T18:00:00+00:00,site_001,0.0,12.09,54.98,38.5,0.0,20.0,22.89,0.0
2026-01-08T19:00:00+00:00,site_001,0.0,16.76,55.33,18.5,0.0,20.0,18.57,0.0
2026-01-08T20:00:00+00:00,site_001,0.0,13.8,51.53,10.0,0.0,8.5,29.23,0.0
2026-01-08T21:00:00+00:00,site_001,0.0,15.07,55.27,10.0,0.0,0.0,40.2,0.0
2026-01-08T22:00:00+00:00,site_001,0.0,21.28,27.77,10.0,0.0,0.0,6.49,0.0
2026-01-08T23:00:00+00:00,site_001,0.0,17.68,26.74,10.0,0.0,0.0,9.06,0.0
2026-01-09T00:00:00+00:00,site_001,0.0,19.21,26.02,10.0,0.0,0.0,6.81,0.0
2026-01-09T01:00:00+00:00,site_001,0.0,15.7,24.1,10.0,0.0,0.0,8.4,0.0
2026-01-09T02:00:00+00:00,site_001,0.0,17.1,23.15,10.0,0.0,0.0,6.05,0.0
2026-01-09T03:00:00+00:00,site_001,0.0,14.91,26.4,10.0,0.0,0.0,11.49,0.0
2026-01-09T04:00:00+00:00,site_001,0.0,14.04,23.83,10.0,0.0,0.0,9.79,0.0
2026-01-09T05:00:00+00:00,site_001,0.0,12.87,23.64,10.0,0.0,0.0,10.77,0.0
2026-01-09T06:00:00+00:00,site_001,0.0,6.52,24.97,10.0,0.0,0.0,18.45,0.0
2026-01-09T07:00:00+00:00,site_001,13.84,4.58,47.21,10.0,0.0,0.0,28.79,0.0
2026-01-09T08:00:00+00:00,site_001,23.52,7.12,44.25,10.0,0.0,0.0,13.61,0.0
2026-01-09T09:00:00+00:00,site_001,35.84,3.06,45.63,10.0,0.0,0.0,6.73,0.0
2026-01-09T10:00:00+00:00,site_001,48.86,3.55,38.76,23.6,13.65,0.0,0.0,0.0
2026-01-09T11:00:00+00:00,site_001,55.52,1.53,35.41,43.6,20.0,0.0,0.0,1.64
2026-01-09T12:00:00+00:00,site_001,45.29,4.14,40.0,53.0,9.43,0.0,0.0,0.0
2026-01-09T13:00:00+00:00,site_001,48.54,5.51,38.91,68.1,15.14,0.0,0.0,0.0
2026-01-09T14:00:00+00:00,site_001,47.44,7.3,39.75,83.1,14.99,0.0,0.0,0.0
2026-01-09T15:00:00+00:00,site_001,33.93,1.15,35.76,82.4,0.0,0.68,0.0,0.0
2026-01-09T16:00:00+00:00,site_001,23.45,9.19,37.82,77.2,0.0,5.18,0.0,0.0
2026-01-09T17:00:00+00:00,site_001,12.49,11.3,55.33,57.2,0.0,20.0,11.54,0.0
2026-01-09T18:00:00+00:00,site_001,0.0,12.32,55.24,37.2,0.0,20.0,22.92,0.0
2026-01-09T19:00:00+00:00,site_001,0.0,9.34,55.6,17.2,0.0,20.0,26.26,0.0
2026-01-09T20:00:00+00:00,site_001,0.0,19.65,52.04,10.0,0.0,7.2,25.19,0.0
2026-01-09T21:00:00+00:00,site_001,0.0,11.81,53.06,10.0,0.0,0.0,41.25,0.0
2026-01-09T22:00:00+00:00,site_001,0.0,19.52,27.79,10.0,0.0,0.0,8.27,0.0
2026-01-09T23:00:00+00:00,site_001,0.0,17.46,26.58,10.0,0.0,0.0,9.12,0.0
2026-01-10T00:00:00+00:00,site_001,0.0,14.51,22.7,10.0,0.0,0.0,8.19,0.0
2026-01-10T01:00:00+00:00,site_001,0.0,19.77,19.76,10.0,0.01,0.0,0.0,0.0
2026-01-10T02:00:00+00:00,site_001,0.0,20.47,23.5,10.0,0.0,0.0,3.03,0.0
2026-01-10T03:00:00+00:00,site_001,0.0,17.56,19.86,10.0,0.0,0.0,2.3,0.0
2026-01-10T04:00:00+00:00,site_001,0.0,19.84,23.16,10.0,0.0,0.0,3.32,0.0
2026-01-10T05:00:00+00:00,site_001,0.0,11.66,21.39,10.0,0.0,0.0,9.73,0.0
2026-01-10T06:00:00+00:00,site_001,0.0,11.31,20.96,10.0,0.0,0.0,9.65,0.0
2026-01-10T07:00:00+00:00,site_001,14.95,12.53,33.43,10.0,0.0,0.0,5.95,0.0
2026-01-10T08:00:00+00:00,site_001,29.71,8.86,37.04,11.5,1.53,0.0,0.0,0.0
2026-01-10T09:00:00+00:00,site_001,39.32,5.3,36.57,19.6,8.05,0.0,0.0,0.0
2026-01-10T10:00:00+00:00,site_001,51.51,2.46,31.09,39.6,20.0,0.0,0.0,2.88
2026-01-10T11:00:00+00:00,site_001,51.26,3.84,29.23,59.6,20.0,0.0,0.0,5.87
2026-01-10T12:00:00+00:00,site_001,55.97,1.43,31.31,79.6,20.0,0.0,0.0,6.09
2026-01-10T13:00:00+00:00,site_001,55.5,0.0,31.46,99.6,20.0,0.0,0.0,4.04
2026-01-10T14:00:00+00:00,site_001,42.14,4.4,30.1,100.0,0.4,0.0,0.0,16.04
2026-01-10T15:00:00+00:00,site_001,35.84,1.23,31.3,100.0,0.0,0.0,0.0,5.77
2026-01-10T16:00:00+00:00,site_001,23.86,4.62,31.04,97.4,0.0,2.56,0.0,0.0
2026-01-10T17:00:00+00:00,site_001,12.97,13.11,41.28,82.2,0.0,15.2,0.0,0.0
2026-01-10T18:00:00+00:00,site_001,0.0,6.35,42.52,62.2,0.0,20.0,16.17,0.0
2026-01-10T19:00:00+00:00,site_001,0.0,9.05,41.38,42.2,0.0,20.0,12.33,0.0
2026-01-10T20:00:00+00:00,site_001,0.0,14.89,41.57,22.2,0.0,20.0,6.68,0.0
2026-01-10T21:00:00+00:00,site_001,0.0,18.46,41.0,10.0,0.0,12.2,10.34,0.0
2026-01-10T22:00:00+00:00,site_001,0.0,17.65,23.21,10.0,0.0,0.0,5.56,0.0
2026-01-10T23:00:00+00:00,site_001,0.0,14.42,20.36,10.0,0.0,0.0,5.94,0.0
2026-01-11T00:00:00+00:00,site_001,0.0,20.67,20.78,10.0,0.0,0.0,0.11,0.0
2026-01-11T01:00:00+00:00,site_001,0.0,19.31,21.62,10.0,0.0,0.0,2.31,0.0
2026-01-11T02:00:00+00:00,site_001,0.0,18.05,21.38,10.0,0.0,0.0,3.33,0.0
2026-01-11T03:00:00+00:00,site_001,0.0,19.01,20.9,10.0,0.0,0.0,1.89,0.0
2026-01-11T04:00:00+00:00,site_001,0.0,17.03,20.6,10.0,0.0,0.0,3.57,0.0
2026-01-11T05:00:00+00:00,site_001,0.0,10.71,19.85,10.0,0.0,0.0,9.14,0.0
2026-01-11T06:00:00+00:00,site_001,0.0,7.45,21.93,10.0,0.0,0.0,14.48,0.0
2026-01-11T07:00:00+00:00,site_001,14.61,6.16,33.98,10.0,0.0,0.0,13.21,0.0
2026-01-11T08:00:00+00:00,site_001,26.13,9.75,37.78,10.0,0.0,0.0,1.9,0.0
2026-01-11T09:00:00+00:00,site_001,37.38,3.78,33.4,17.8,7.76,0.0,0.0,0.0
2026-01-11T10:00:00+00:00,site_001,41.49,2.03,27.95,33.4,15.57,0.0,0.0,0.0
2026-01-11T11:00:00+00:00,site_001,43.67,4.35,28.42,53.0,19.6,0.0,0.0,0.0
2026-01-11T12:00:00+00:00,site_001,59.61,4.28,30.54,73.0,20.0,0.0,0.0,13.35
2026-01-11T13:00:00+00:00,site_001,45.3,7.69,29.5,93.0,20.0,0.0,0.0,3.49
2026-01-11T14:00:00+00:00,site_001,50.31,5.5,29.4,100.0,7.0,0.0,0.0,19.41
2026-01-11T15:00:00+00:00,site_001,36.49,2.79,27.31,100.0,0.0,0.0,0.0,11.97
2026-01-11T16:00:00+00:00,site_001,29.56,7.28,31.16,100.0,0.0,0.0,0.0,5.68
2026-01-11T17:00:00+00:00,site_001,13.2,5.05,40.92,80.0,0.0,20.0,2.67,0.0
2026-01-11T18:00:00+00:00,site_001,0.0,7.74,40.59,60.0,0.0,20.0,12.85,0.0
2026-01-11T19:00:00+00:00,site_001,0.0,11.23,42.74,40.0,0.0,20.0,11.51,0.0
2026-01-11T20:00:00+00:00,site_001,0.0,11.18,41.6,20.0,0.0,20.0,10.42,0.0
2026-01-11T21:00:00+00:00,site_001,0.0,17.62,41.73,10.0,0.0,10.0,14.11,0.0
2026-01-11T22:00:00+00:00,site_001,0.0,15.0,21.86,10.0,0.0,0.0,6.86,0.0
2026-01-11T23:00:00+00:00,site_001,0.0,18.0,21.46,10.0,0.0,0.0,3.46,0.0
2026-01-12T00:00:00+00:00,site_001,0.0,22.35,27.95,10.0,0.0,0.0,5.6,0.0
2026-01-12T01:00:00+00:00,site_001,0.0,16.55,26.11,10.0,0.0,0.0,9.56,0.0
2026-01-12T02:00:00+00:00,site_001,0.0,18.84,26.7,10.0,0.0,0.0,7.86,0.0
2026-01-12T03:00:00+00:00,site_001,0.0,21.03,24.04,10.0,0.0,0.0,3.01,0.0
2026-01-12T04:00:00+00:00,site_001,0.0,12.11,26.3,10.0,0.0,0.0,14.19,0.0
2026-01-12T05:00:00+00:00,site_001,0.0,9.76,23.87,10.0,0.0,0.0,14.11,0.0
2026-01-12T06:00:00+00:00,site_001,0.0,6.28,25.25,10.0,0.0,0.0,18.97,0.0
2026-01-12T07:00:00+00:00,site_001,13.95,7.22,45.16,10.0,0.0,0.0,23.99,0.0
2026-01-12T08:00:00+00:00,site_001,27.8,9.53,46.27,10.0,0.0,0.0,8.94,0.0
2026-01-12T09:00:00+00:00,site_001,39.11,10.19,47.94,11.4,1.36,0.0,0.0,0.0
2026-01-12T10:00:00+00:00,site_001,47.09,6.37,39.67,25.2,13.79,0.0,0.0,0.0
2026-01-12T11:00:00+00:00,site_001,49.63,4.45,38.24,41.0,15.84,0.0,0.0,0.0
2026-01-12T12:00:00+00:00,site_001,58.63,7.02,35.36,61.0,20.0,0.0,0.0,10.29
2026-01-12T13:00:00+00:00,site_001,45.87,2.08,38.74,70.2,9.21,0.0,0.0,0.0
2026-01-12T14:00:00+00:00,site_001,46.37,2.64,35.62,83.6,13.39,0.0,0.0,0.0
2026-01-12T15:00:00+00:00,site_001,39.12,7.94,39.71,90.9,7.35,0.0,0.0,0.0
2026-01-12T16:00:00+00:00,site_001,26.25,7.44,35.4,89.2,0.0,1.71,0.0,0.0
2026-01-12T17:00:00+00:00,site_001,11.8,8.63,53.11,69.2,0.0,20.0,12.68,0.0
2026-01-12T18:00:00+00:00,site_001,0.0,7.16,56.31,49.2,0.0,20.0,29.15,0.0
2026-01-12T19:00:00+00:00,site_001,0.0,16.55,54.38,29.2,0.0,20.0,17.83,0.0
2026-01-12T20:00:00+00:00,site_001,0.0,19.51,56.5,10.0,0.0,19.2,17.79,0.0
2026-01-12T21:00:00+00:00,site_001,0.0,18.28,52.85,10.0,0.0,0.0,34.57,0.0
2026-01-12T22:00:00+00:00,site_001,0.0,13.15,26.78,10.0,0.0,0.0,13.63,0.0
2026-01-12T23:00:00+00:00,site_001,0.0,18.2,26.26,10.0,0.0,0.0,8.06,0.0
2026-01-13T00:00:00+00:00,site_001,0.0,22.91,23.91,10.0,0.0,0.0,1.0,0.0
2026-01-13T01:00:00+00:00,site_001,0.0,19.35,26.17,10.0,0.0,0.0,6.82,0.0
2026-01-13T02:00:00+00:00,site_001,0.0,17.66,23.46,10.0,0.0,0.0,5.8,0.0
2026-01-13T03:00:00+00:00,site_001,0.0,15.03,24.67,10.0,0.0,0.0,9.64,0.0
2026-01-13T04:00:00+00:00,site_001,0.0,16.7,27.29,10.0,0.0,0.0,10.59,0.0
2026-01-13T05:00:00+00:00,site_001,0.0,11.49,26.47,10.0,0.0,0.0,14.98,0.0
2026-01-13T06:00:00+00:00,site_001,0.0,15.7,27.07,10.0,0.0,0.0,11.37,0.0
2026-01-13T07:00:00+00:00,site_001,13.78,8.86,45.57,10.0,0.0,0.0,22.93,0.0
2026-01-13T08:00:00+00:00,site_001,24.92,12.2,46.02,10.0,0.0,0.0,8.9,0.0
2026-01-13T09:00:00+00:00,site_001,37.28,10.83,47.29,10.8,0.82,0.0,0.0,0.0
2026-01-13T10:00:00+00:00,site_001,46.02,3.89,35.94,24.8,13.97,0.0,0.0,0.0
2026-01-13T11:00:00+00:00,site_001,48.71,6.57,38.13,42.0,17.15,0.0,0.0,0.0
2026-01-13T12:00:00+00:00,site_001,56.4,0.79,37.75,61.4,19.44,0.0,0.0,0.0
2026-01-13T13:00:00+00:00,site_001,56.91,3.39,38.49,81.4,20.0,0.0,0.0,1.81
2026-01-13T14:00:00+00:00,site_001,40.55,9.49,38.04,93.4,12.0,0.0,0.0,0.0
2026-01-13T15:00:00+00:00,site_001,34.36,2.53,37.75,92.5,0.0,0.86,0.0,0.0
2026-01-13T16:00:00+00:00,site_001,26.64,3.43,39.96,82.6,0.0,9.89,0.0,0.0
2026-01-13T17:00:00+00:00,site_001,15.19,8.92,52.09,62.6,0.0,20.0,7.98,0.0
2026-01-13T18:00:00+00:00,site_001,0.0,11.23,55.08,42.6,0.0,20.0,23.85,0.0
2026-01-13T19:00:00+00:00,site_001,0.0,13.28,52.87,22.6,0.0,20.0,19.59,0.0
2026-01-13T20:00:00+00:00,site_001,0.0,18.35,56.4,10.0,0.0,12.6,25.45,0.0
2026-01-13T21:00:00+00:00,site_001,0.0,13.99,54.26,10.0,0.0,0.0,40.27,0.0
2026-01-13T22:00:00+00:00,site_001,0.0,16.58,27.61,10.0,0.0,0.0,11.03,0.0
2026-01-13T23:00:00+00:00,site_001,0.0,18.58,27.4,10.0,0.0,0.0,8.82,0.0
2026-01-14T00:00:00+00:00,site_001,0.0,22.39,24.38,10.0,0.0,0.0,1.99,0.0
2026-01-14T01:00:00+00:00,site_001,0.0,21.39,25.07,10.0,0.0,0.0,3.68,0.0
2026-01-14T02:00:00+00:00,site_001,0.0,22.09,25.54,10.0,0.0,0.0,3.45,0.0
2026-01-14T03:00:00+00:00,site_001,0.0,19.76,24.41,10.0,0.0,0.0,4.65,0.0
2026-01-14T04:00:00+00:00,site_001,0.0,12.99,25.93,10.0,0.0,0.0,12.94,0.0
2026-01-14T05:00:00+00:00,site_001,0.0,18.18,25.45,10.0,0.0,0.0,7.27,0.0
2026-01-14T06:00:00+00:00,site_001,0.0,11.64,24.73,10.0,0.0,0.0,13.09,0.0
2026-01-14T07:00:00+00:00,site_001,13.79,9.74,46.28,10.0,0.0,0.0,22.75,0.0
2026-01-14T08:00:00+00:00,site_001,24.91,4.39,47.49,10.0,0.0,0.0,18.19,0.0
2026-01-14T09:00:00+00:00,site_001,37.88,3.28,47.88,10.0,0.0,0.0,6.72,0.0
2026-01-14T10:00:00+00:00,site_001,39.54,7.2,38.53,18.2,8.21,0.0,0.0,0.0
2026-01-14T11:00:00+00:00,site_001,55.22,2.87,38.32,38.0,19.77,0.0,0.0,0.0
2026-01-14T12:00:00+00:00,site_001,57.31,8.56,37.48,58.0,20.0,0.0,0.0,8.39
2026-01-14T13:00:00+00:00,site_001,44.0,4.03,37.95,68.1,10.08,0.0,0.0,0.0
2026-01-14T14:00:00+00:00,site_001,50.27,8.5,37.2,88.1,20.0,0.0,0.0,1.57
2026-01-14T15:00:00+00:00,site_001,37.4,5.52,38.61,92.4,4.31,0.0,0.0,0.0
2026-01-14T16:00:00+00:00,site_001,25.57,9.05,35.77,91.2,0.0,1.15,0.0,0.0
2026-01-14T17:00:00+00:00,site_001,13.47,14.0,53.19,71.2,0.0,20.0,5.72,0.0
2026-01-14T18:00:00+00:00,site_001,0.0,12.75,55.76,51.2,0.0,20.0,23.01,0.0
2026-01-14T19:00:00+00:00,site_001,0.0,16.71,55.8,31.2,0.0,20.0,19.09,0.0
2026-01-14T20:00:00+00:00,site_001,0.0,13.8,53.08,11.2,0.0,20.0,19.28,0.0
2026-01-14T21:00:00+00:00,site_001,0.0,18.74,55.3,10.0,0.0,1.2,35.36,0.0
2026-01-14T22:00:00+00:00,site_001,0.0,21.47,23.18,10.0,0.0,0.0,1.71,0.0
2026-01-14T23:00:00+00:00,site_001,0.0,14.18,26.16,10.0,0.0,0.0,11.98,0.0
2026-01-15T00:00:00+00:00,site_001,0.0,22.96,27.99,10.0,0.0,0.0,5.03,0.0
2026-01-15T01:00:00+00:00,site_001,0.0,20.96,25.17,10.0,0.0,0.0,4.21,0.0
2026-01-15T02:00:00+00:00,site_001,0.0,13.73,26.17,10.0,0.0,0.0,12.44,0.0
2026-01-15T03:00:00+00:00,site_001,0.0,20.28,25.22,10.0,0.0,0.0,4.94,0.0
2026-01-15T04:00:00+00:00,site_001,0.0,16.94,27.52,10.0,0.0,0.0,10.58,0.0
2026-01-15T05:00:00+00:00,site_001,0.0,8.65,26.98,10.0,0.0,0.0,18.33,0.0
2026-01-15T06:00:00+00:00,site_001,0.0,10.0,23.73,10.0,0.0,0.0,13.73,0.0
2026-01-15T07:00:00+00:00,site_001,13.71,9.97,47.96,10.0,0.0,0.0,24.28,0.0
2026-01-15T08:00:00+00:00,site_001,23.77,3.29,48.35,10.0,0.0,0.0,21.29,0.0
2026-01-15T09:00:00+00:00,site_001,38.39,3.35,48.56,10.0,0.0,0.0,6.82,0.0
2026-01-15T10:00:00+00:00,site_001,40.83,4.37,36.27,18.9,8.93,0.0,0.0,0.0
2026-01-15T11:00:00+00:00,site_001,47.17,0.0,39.02,27.0,8.15,0.0,0.0,0.0
2026-01-15T12:00:00+00:00,site_001,58.52,5.53,35.79,47.0,20.0,0.0,0.0,8.26
2026-01-15T13:00:00+00:00,site_001,49.87,2.46,37.94,61.4,14.39,0.0,0.0,0.0
2026-01-15T14:00:00+00:00,site_001,47.27,4.0,36.25,76.4,15.02,0.0,0.0,0.0
2026-01-15T15:00:00+00:00,site_001,40.79,2.94,36.92,83.2,6.81,0.0,0.0,0.0
2026-01-15T16:00:00+00:00,site_001,26.12,4.87,37.86,76.3,0.0,6.87,0.0,0.0
2026-01-15T17:00:00+00:00,site_001,13.88,14.24,52.98,56.3,0.0,20.0,4.86,0.0
2026-01-15T18:00:00+00:00,site_001,0.0,12.83,52.87,36.3,0.0,20.0,20.04,0.0
2026-01-15T19:00:00+00:00,site_001,0.0,13.85,54.93,16.3,0.0,20.0,21.08,0.0
2026-01-15T20:00:00+00:00,site_001,0.0,17.45,51.75,10.0,0.0,6.3,28.0,0.0
2026-01-15T21:00:00+00:00,site_001,0.0,17.62,53.98,10.0,0.0,0.0,36.36,0.0
2026-01-15T22:00:00+00:00,site_001,0.0,21.79,24.43,10.0,0.0,0.0,2.64,0.0
2026-01-15T23:00:00+00:00,site_001,0.0,21.48,26.04,10.0,0.0,0.0,4.56,0.0
2026-01-16T00:00:00+00:00,site_001,0.0,17.27,26.18,10.0,0.0,0.0,8.91,0.0
2026-01-16T01:00:00+00:00,site_001,0.0,19.7,26.39,10.0,0.0,0.0,6.69,0.0
2026-01-16T02:00:00+00:00,site_001,0.0,19.95,26.3,10.0,0.0,0.0,6.35,0.0
2026-01-16T03:00:00+00:00,site_001,0.0,19.94,26.14,10.0,0.0,0.0,6.2,0.0
2026-01-16T04:00:00+00:00,site_001,0.0,19.03,26.23,10.0,0.0,0.0,7.2,0.0
2026-01-16T05:00:00+00:00,site_001,0.0,11.28,25.2,10.0,0.0,0.0,13.92,0.0
2026-01-16T06:00:00+00:00,site_001,0.0,13.57,23.45,10.0,0.0,0.0,9.88,0.0
2026-01-16T07:00:00+00:00,site_001,12.79,11.78,44.88,10.0,0.0,0.0,20.31,0.0
2026-01-16T08:00:00+00:00,site_001,23.49,7.89,48.86,10.0,0.0,0.0,17.48,0.0
2026-01-16T09:00:00+00:00,site_001,37.45,10.08,48.15,10.0,0.0,0.0,0.62,0.0
2026-01-16T10:00:00+00:00,site_001,42.31,8.0,37.41,22.9,12.9,0.0,0.0,0.0
2026-01-16T11:00:00+00:00,site_001,55.15,6.47,36.69,42.9,20.0,0.0,0.0,4.93
2026-01-16T12:00:00+00:00,site_001,46.73,8.38,35.7,62.3,19.41,0.0,0.0,0.0
2026-01-16T13:00:00+00:00,site_001,57.47,7.61,38.62,82.3,20.0,0.0,0.0,6.46
2026-01-16T14:00:00+00:00,site_001,51.7,9.43,39.02,100.0,17.7,0.0,0.0,4.41
2026-01-16T15:00:00+00:00,site_001,35.7,8.85,35.07,100.0,0.0,0.0,0.0,9.48
2026-01-16T16:00:00+00:00,site_001,26.52,7.05,38.36,95.2,0.0,4.79,0.0,0.0
2026-01-16T17:00:00+00:00,site_001,14.26,10.15,55.61,75.2,0.0,20.0,11.2,0.0
2026-01-16T18:00:00+00:00,site_001,0.0,7.33,52.67,55.2,0.0,20.0,25.34,0.0
2026-01-16T19:00:00+00:00,site_001,0.0,8.44,55.92,35.2,0.0,20.0,27.48,0.0
2026-01-16T20:00:00+00:00,site_001,0.0,15.61,56.08,15.2,0.0,20.0,20.47,0.0
2026-01-16T21:00:00+00:00,site_001,0.0,13.77,51.82,10.0,0.0,5.2,32.85,0.0
2026-01-16T22:00:00+00:00,site_001,0.0,20.98,27.55,10.0,0.0,0.0,6.57,0.0
2026-01-16T23:00:00+00:00,site_001,0.0,16.52,25.04,10.0,0.0,0.0,8.52,0.0
2026-01-17T00:00:00+00:00,site_001,0.0,15.15,23.98,10.0,0.0,0.0,8.83,0.0
2026-01-17T01:00:00+00:00,site_001,0.0,16.54,21.71,10.0,0.0,0.0,5.17,0.0
2026-01-17T02:00:00+00:00,site_001,0.0,13.72,23.69,10.0,0.0,0.0,9.97,0.0
2026-01-17T03:00:00+00:00,site_001,0.0,12.91,21.52,10.0,0.0,0.0,8.61,0.0
2026-01-17T04:00:00+00:00,site_001,0.0,16.7,22.97,10.0,0.0,0.0,6.27,0.0
2026-01-17T05:00:00+00:00,site_001,0.0,17.65,21.35,10.0,0.0,0.0,3.7,0.0
2026-01-17T06:00:00+00:00,site_001,0.0,7.8,21.32,10.0,0.0,0.0,13.52,0.0
2026-01-17T07:00:00+00:00,site_001,12.03,9.2,34.94,10.0,0.0,0.0,13.71,0.0
2026-01-17T08:00:00+00:00,site_001,29.64,2.83,34.75,10.0,0.0,0.0,2.28,0.0
2026-01-17T09:00:00+00:00,site_001,36.52,10.45,37.18,19.8,9.79,0.0,0.0,0.0
2026-01-17T10:00:00+00:00,site_001,40.26,6.61,29.77,36.9,17.1,0.0,0.0,0.0
2026-01-17T11:00:00+00:00,site_001,57.63,2.59,29.04,56.9,20.0,0.0,0.0,11.18
2026-01-17T12:00:00+00:00,site_001,47.85,0.0,31.29,73.5,16.56,0.0,0.0,0.0
2026-01-17T13:00:00+00:00,site_001,50.06,5.63,30.26,93.5,20.0,0.0,0.0,5.43
2026-01-17T14:00:00+00:00,site_001,46.73,0.0,30.98,100.0,6.5,0.0,0.0,9.25
2026-01-17T15:00:00+00:00,site_001,34.4,2.21,29.87,100.0,0.0,0.0,0.0,6.74
2026-01-17T16:00:00+00:00,site_001,23.01,10.15,28.09,100.0,0.0,0.0,0.0,5.07
2026-01-17T17:00:00+00:00,site_001,12.49,13.01,39.42,86.1,0.0,13.92,0.0,0.0
2026-01-17T18:00:00+00:00,site_001,0.0,15.26,37.79,66.1,0.0,20.0,2.53,0.0
2026-01-17T19:00:00+00:00,site_001,0.0,16.78,38.5,46.1,0.0,20.0,1.72,0.0
2026-01-17T20:00:00+00:00,site_001,0.0,11.3,39.03,26.1,0.0,20.0,7.73,0.0
2026-01-17T21:00:00+00:00,site_001,0.0,13.3,41.08,10.0,0.0,16.1,11.68,0.0
2026-01-17T22:00:00+00:00,site_001,0.0,13.0,19.32,10.0,0.0,0.0,6.32,0.0
2026-01-17T23:00:00+00:00,site_001,0.0,21.39,20.44,10.9,0.95,0.0,0.0,0.0
2026-01-18T00:00:00+00:00,site_001,0.0,16.99,20.12,10.0,0.0,0.9,2.23,0.0
2026-01-18T01:00:00+00:00,site_001,0.0,14.02,22.96,10.0,0.0,0.0,8.94,0.0
2026-01-18T02:00:00+00:00,site_001,0.0,18.01,22.98,10.0,0.0,0.0,4.97,0.0
2026-01-18T03:00:00+00:00,site_001,0.0,16.32,23.14,10.0,0.0,0.0,6.82,0.0
2026-01-18T04:00:00+00:00,site_001,0.0,15.13,19.8,10.0,0.0,0.0,4.67,0.0
2026-01-18T05:00:00+00:00,site_001,0.0,13.23,23.98,10.0,0.0,0.0,10.75,0.0
2026-01-18T06:00:00+00:00,site_001,0.0,14.08,23.58,10.0,0.0,0.0,9.5,0.0
2026-01-18T07:00:00+00:00,site_001,13.67,8.89,37.72,10.0,0.0,0.0,15.16,0.0
2026-01-18T08:00:00+00:00,site_001,22.96,7.29,34.91,10.0,0.0,0.0,4.66,0.0
2026-01-18T09:00:00+00:00,site_001,39.1,5.85,37.45,17.5,7.5,0.0,0.0,0.0
2026-01-18T10:00:00+00:00,site_001,39.93,0.56,30.09,27.9,10.4,0.0,0.0,0.0
2026-01-18T11:00:00+00:00,site_001,44.42,1.76,30.22,43.9,15.96,0.0,0.0,0.0
2026-01-18T12:00:00+00:00,site_001,53.23,2.0,32.02,63.9,20.0,0.0,0.0,3.21
2026-01-18T13:00:00+00:00,site_001,51.15,3.54,30.08,83.9,20.0,0.0,0.0,4.61
2026-01-18T14:00:00+00:00,site_001,40.26,6.77,31.31,99.6,15.72,0.0,0.0,0.0
2026-01-18T15:00:00+00:00,site_001,38.72,8.64,30.65,100.0,0.4,0.0,0.0,16.31
2026-01-18T16:00:00+00:00,site_001,24.11,7.02,28.19,100.0,0.0,0.0,0.0,2.94
2026-01-18T17:00:00+00:00,site_001,12.96,8.84,39.85,82.0,0.0,18.05,0.0,0.0
2026-01-18T18:00:00+00:00,site_001,0.0,10.52,41.1,62.0,0.0,20.0,10.58,0.0
2026-01-18T19:00:00+00:00,site_001,0.0,11.93,38.54,42.0,0.0,20.0,6.61,0.0
2026-01-18T20:00:00+00:00,site_001,0.0,19.23,38.11,23.1,0.0,18.88,0.0,0.0
2026-01-18T21:00:00+00:00,site_001,0.0,19.87,38.24,10.0,0.0,13.1,5.27,0.0
2026-01-18T22:00:00+00:00,site_001,0.0,13.71,22.94,10.0,0.0,0.0,9.23,0.0
2026-01-18T23:00:00+00:00,site_001,0.0,21.61,22.03,10.0,0.0,0.0,0.42,0.0
2026-01-19T00:00:00+00:00,site_001,0.0,19.61,25.81,10.0,0.0,0.0,6.2,0.0
2026-01-19T01:00:00+00:00,site_001,0.0,16.79,23.61,10.0,0.0,0.0,6.82,0.0
2026-01-19T02:00:00+00:00,site_001,0.0,16.28,26.33,10.0,0.0,0.0,10.05,0.0
2026-01-19T03:00:00+00:00,site_001,0.0,19.06,27.34,10.0,0.0,0.0,8.28,0.0
2026-01-19T04:00:00+00:00,site_001,0.0,17.21,27.84,10.0,0.0,0.0,10.63,0.0
2026-01-19T05:00:00+00:00,site_001,0.0,14.2,24.76,10.0,0.0,0.0,10.56,0.0
2026-01-19T06:00:00+00:00,site_001,0.0,8.38,26.28,10.0,0.0,0.0,17.9,0.0
2026-01-19T07:00:00+00:00,site_001,12.52,5.39,48.23,10.0,0.0,0.0,30.32,0.0
2026-01-19T08:00:00+00:00,site_001,25.26,10.13,46.87,10.0,0.0,0.0,11.48,0.0
2026-01-19T09:00:00+00:00,site_001,40.38,9.4,48.87,10.9,0.91,0.0,0.0,0.0
2026-01-19T10:00:00+00:00,site_001,49.6,5.89,38.21,28.2,17.28,0.0,0.0,0.0
2026-01-19T11:00:00+00:00,site_001,43.85,8.3,39.15,41.2,13.0,0.0,0.0,0.0
2026-01-19T12:00:00+00:00,site_001,49.01,0.55,38.51,52.2,11.05,0.0,0.0,0.0
2026-01-19T13:00:00+00:00,site_001,47.94,2.4,35.03,67.5,15.31,0.0,0.0,0.0
2026-01-19T14:00:00+00:00,site_001,50.27,5.42,37.0,86.2,18.69,0.0,0.0,0.0
2026-01-19T15:00:00+00:00,site_001,33.32,7.28,35.15,91.7,5.45,0.0,0.0,0.0
2026-01-19T16:00:00+00:00,site_001,28.1,4.65,37.1,87.4,0.0,4.35,0.0,0.0
2026-01-19T17:00:00+00:00,site_001,12.97,8.01,55.11,67.4,0.0,20.0,14.13,0.0
2026-01-19T18:00:00+00:00,site_001,0.0,11.93,51.92,47.4,0.0,20.0,19.99,0.0
2026-01-19T19:00:00+00:00,site_001,0.0,8.72,52.29,27.4,0.0,20.0,23.57,0.0
2026-01-19T20:00:00+00:00,site_001,0.0,16.18,54.87,10.0,0.0,17.4,21.29,0.0
2026-01-19T21:00:00+00:00,site_001,0.0,14.27,54.81,10.0,0.0,0.0,40.54,0.0
2026-01-19T22:00:00+00:00,site_001,0.0,17.6,25.21,10.0,0.0,0.0,7.61,0.0
2026-01-19T23:00:00+00:00,site_001,0.0,16.23,26.77,10.0,0.0,0.0,10.54,0.0
2026-01-20T00:00:00+00:00,site_001,0.0,14.89,25.15,10.0,0.0,0.0,10.26,0.0
2026-01-20T01:00:00+00:00,site_001,0.0,16.33,26.39,10.0,0.0,0.0,10.06,0.0
2026-01-20T02:00:00+00:00,site_001,0.0,17.61,26.34,10.0,0.0,0.0,8.73,0.0
2026-01-20T03:00:00+00:00,site_001,0.0,12.01,24.98,10.0,0.0,0.0,12.97,0.0
2026-01-20T04:00:00+00:00,site_001,0.0,15.99,23.04,10.0,0.0,0.0,7.05,0.0
2026-01-20T05:00:00+00:00,site_001,0.0,11.21,24.06,10.0,0.0,0.0,12.85,0.0
2026-01-20T06:00:00+00:00,site_001,0.0,8.81,24.64,10.0,0.0,0.0,15.83,0.0
2026-01-20T07:00:00+00:00,site_001,11.68,11.78,44.88,10.0,0.0,0.0,21.42,0.0
2026-01-20T08:00:00+00:00,site_001,25.35,9.54,46.5,10.0,0.0,0.0,11.61,0.0
2026-01-20T09:00:00+00:00,site_001,40.66,9.01,44.36,15.3,5.31,0.0,0.0,0.0
2026-01-20T10:00:00+00:00,site_001,50.17,0.18,35.09,30.6,15.26,0.0,0.0,0.0
2026-01-20T11:00:00+00:00,site_001,56.81,7.63,37.88,50.6,20.0,0.0,0.0,6.56
2026-01-20T12:00:00+00:00,site_001,53.6,5.84,37.09,70.6,20.0,0.0,0.0,2.35
2026-01-20T13:00:00+00:00,site_001,45.14,0.0,36.62,79.1,8.52,0.0,0.0,0.0
2026-01-20T14:00:00+00:00,site_001,49.38,5.94,39.16,95.3,16.16,0.0,0.0,0.0
2026-01-20T15:00:00+00:00,site_001,41.58,1.83,39.22,99.5,4.19,0.0,0.0,0.0
2026-01-20T16:00:00+00:00,site_001,24.32,8.39,37.62,94.6,0.0,4.91,0.0,0.0
2026-01-20T17:00:00+00:00,site_001,13.18,7.41,53.2,74.6,0.0,20.0,12.61,0.0
2026-01-20T18:00:00+00:00,site_001,0.0,7.93,54.05,54.6,0.0,20.0,26.12,0.0
2026-01-20T19:00:00+00:00,site_001,0.0,9.33,54.05,34.6,0.0,20.0,24.72,0.0
2026-01-20T20:00:00+00:00,site_001,0.0,19.06,53.25,14.6,0.0,20.0,14.19,0.0
2026-01-20T21:00:00+00:00,site_001,0.0,18.83,55.59,10.0,0.0,4.6,32.16,0.0
2026-01-20T22:00:00+00:00,site_001,0.0,20.9,24.18,10.0,0.0,0.0,3.28,0.0
2026-01-20T23:00:00+00:00,site_001,0.0,14.96,23.99,10.0,0.0,0.0,9.03,0.0
2026-01-21T00:00:00+00:00,site_001,0.0,19.77,26.8,10.0,0.0,0.0,7.03,0.0
2026-01-21T01:00:00+00:00,site_001,0.0,20.05,23.89,10.0,0.0,0.0,3.84,0.0
2026-01-21T02:00:00+00:00,site_001,0.0,20.47,25.47,10.0,0.0,0.0,5.0,0.0
2026-01-21T03:00:00+00:00,site_001,0.0,19.1,26.8,10.0,0.0,0.0,7.7,0.0
2026-01-21T04:00:00+00:00,site_001,0.0,14.49,27.62,10.0,0.0,0.0,13.13,0.0
2026-01-21T05:00:00+00:00,site_001,0.0,13.84,26.18,10.0,0.0,0.0,12.34,0.0
2026-01-21T06:00:00+00:00,site_001,0.0,14.89,26.14,10.0,0.0,0.0,11.25,0.0
2026-01-21T07:00:00+00:00,site_001,12.23,4.99,46.21,10.0,0.0,0.0,28.99,0.0
2026-01-21T08:00:00+00:00,site_001,24.77,5.25,44.28,10.0,0.0,0.0,14.26,0.0
2026-01-21T09:00:00+00:00,site_001,37.2,4.05,46.26,10.0,0.0,0.0,5.01,0.0
2026-01-21T10:00:00+00:00,site_001,39.71,8.07,35.38,22.4,12.4,0.0,0.0,0.0
2026-01-21T11:00:00+00:00,site_001,55.99,7.56,38.08,42.4,20.0,0.0,0.0,5.47
2026-01-21T12:00:00+00:00,site_001,52.61,3.38,37.77,60.6,18.22,0.0,0.0,0.0
2026-01-21T13:00:00+00:00,site_001,54.94,7.96,37.25,80.6,20.0,0.0,0.0,5.65
2026-01-21T14:00:00+00:00,site_001,49.49,6.27,36.61,99.8,19.15,0.0,0.0,0.0
2026-01-21T15:00:00+00:00,site_001,36.86,2.46,35.31,100.0,0.2,0.0,0.0,3.81
2026-01-21T16:00:00+00:00,site_001,23.28,11.49,36.72,98.0,0.0,1.95,0.0,0.0
2026-01-21T17:00:00+00:00,site_001,14.42,9.35,52.36,78.0,0.0,20.0,8.59,0.0
2026-01-21T18:00:00+00:00,site_001,0.0,10.63,53.7,58.0,0.0,20.0,23.07,0.0
2026-01-21T19:00:00+00:00,site_001,0.0,13.42,52.29,38.0,0.0,20.0,18.87,0.0
2026-01-21T20:00:00+00:00,site_001,0.0,13.73,52.91,18.0,0.0,20.0,19.18,0.0
2026-01-21T21:00:00+00:00,site_001,0.0,15.64,53.19,10.0,0.0,8.0,29.55,0.0
2026-01-21T22:00:00+00:00,site_001,0.0,18.72,26.95,10.0,0.0,0.0,8.23,0.0
2026-01-21T23:00:00+00:00,site_001,0.0,19.97,23.33,10.0,0.0,0.0,3.36,0.0
2026-01-22T00:00:00+00:00,site_001,0.0,14.7,26.39,10.0,0.0,0.0,11.69,0.0
2026-01-22T01:00:00+00:00,site_001,0.0,16.34,26.62,10.0,0.0,0.0,10.28,0.0
2026-01-22T02:00:00+00:00,site_001,0.0,19.31,27.53,10.0,0.0,0.0,8.22,0.0
2026-01-22T03:00:00+00:00,site_001,0.0,20.29,24.67,10.0,0.0,0.0,4.38,0.0
2026-01-22T04:00:00+00:00,site_001,0.0,15.83,23.71,10.0,0.0,0.0,7.88,0.0
2026-01-22T05:00:00+00:00,site_001,0.0,11.69,27.84,10.0,0.0,0.0,16.15,0.0
2026-01-22T06:00:00+00:00,site_001,0.0,10.17,25.98,10.0,0.0,0.0,15.81,0.0
2026-01-22T07:00:00+00:00,site_001,15.29,7.4,45.88,10.0,0.0,0.0,23.19,0.0
2026-01-22T08:00:00+00:00,site_001,28.44,10.63,47.35,10.0,0.0,0.0,8.28,0.0
2026-01-22T09:00:00+00:00,site_001,40.61,8.33,47.43,11.5,1.51,0.0,0.0,0.0
2026-01-22T10:00:00+00:00,site_001,45.81,6.22,37.12,26.4,14.91,0.0,0.0,0.0
2026-01-22T11:00:00+00:00,site_001,48.71,2.63,35.9,41.8,15.44,0.0,0.0,0.0
2026-01-22T12:00:00+00:00,site_001,48.21,8.23,37.43,60.8,19.01,0.0,0.0,0.0
2026-01-22T13:00:00+00:00,site_001,46.75,0.38,35.39,72.5,11.74,0.0,0.0,0.0
2026-01-22T14:00:00+00:00,site_001,49.94,0.77,38.85,84.4,11.86,0.0,0.0,0.0
2026-01-22T15:00:00+00:00,site_001,40.68,9.78,35.19,99.7,15.27,0.0,0.0,0.0
2026-01-22T16:00:00+00:00,site_001,25.03,10.16,35.66,99.2,0.0,0.47,0.0,0.0
2026-01-22T17:00:00+00:00,site_001,13.11,5.93,55.66,79.2,0.0,20.0,16.62,0.0
2026-01-22T18:00:00+00:00,site_001,0.0,14.34,52.33,59.2,0.0,20.0,17.99,0.0
2026-01-22T19:00:00+00:00,site_001,0.0,12.57,53.55,39.2,0.0,20.0,20.98,0.0
2026-01-22T20:00:00+00:00,site_001,0.0,16.76,52.69,19.2,0.0,20.0,15.93,0.0
2026-01-22T21:00:00+00:00,site_001,0.0,16.0,52.92,10.0,0.0,9.2,27.72,0.0
2026-01-22T22:00:00+00:00,site_001,0.0,20.23,25.24,10.0,0.0,0.0,5.01,0.0
2026-01-22T23:00:00+00:00,site_001,0.0,18.83,24.55,10.0,0.0,0.0,5.72,0.0
2026-01-23T00:00:00+00:00,site_001,0.0,21.84,25.35,10.0,0.0,0.0,3.51,0.0
2026-01-23T01:00:00+00:00,site_001,0.0,21.85,24.84,10.0,0.0,0.0,2.99,0.0
2026-01-23T02:00:00+00:00,site_001,0.0,22.22,27.92,10.0,0.0,0.0,5.7,0.0
2026-01-23T03:00:00+00:00,site_001,0.0,16.17,24.41,10.0,0.0,0.0,8.24,0.0
2026-01-23T04:00:00+00:00,site_001,0.0,13.82,25.64,10.0,0.0,0.0,11.82,0.0
2026-01-23T05:00:00+00:00,site_001,0.0,17.85,27.08,10.0,0.0,0.0,9.23,0.0
2026-01-23T06:00:00+00:00,site_001,0.0,7.63,24.25,10.0,0.0,0.0,16.62,0.0
2026-01-23T07:00:00+00:00,site_001,14.14,13.05,46.77,10.0,0.0,0.0,19.58,0.0
2026-01-23T08:00:00+00:00,site_001,23.27,10.96,48.26,10.0,0.0,0.0,14.03,0.0
2026-01-23T09:00:00+00:00,site_001,34.84,8.58,45.36,10.0,0.0,0.0,1.94,0.0
2026-01-23T10:00:00+00:00,site_001,50.73,1.23,37.19,24.8,14.77,0.0,0.0,0.0
2026-01-23T11:00:00+00:00,site_001,57.18,1.23,37.26,44.8,20.0,0.0,0.0,1.15
2026-01-23T12:00:00+00:00,site_001,50.24,0.0,35.27,59.8,14.97,0.0,0.0,0.0
2026-01-23T13:00:00+00:00,site_001,50.74,1.36,39.97,71.9,12.13,0.0,0.0,0.0
2026-01-23T14:00:00+00:00,site_001,43.84,0.04,39.65,76.1,4.23,0.0,0.0,0.0
2026-01-23T15:00:00+00:00,site_001,40.72,7.45,38.96,85.3,9.21,0.0,0.0,0.0
2026-01-23T16:00:00+00:00,site_001,23.53,5.37,39.15,75.0,0.0,10.25,0.0,0.0
2026-01-23T17:00:00+00:00,site_001,14.35,5.7,55.03,55.0,0.0,20.0,14.98,0.0
2026-01-23T18:00:00+00:00,site_001,0.0,6.3,51.9,35.0,0.0,20.0,25.6,0.0
2026-01-23T19:00:00+00:00,site_001,0.0,10.75,55.67,15.0,0.0,20.0,24.92,0.0
2026-01-23T20:00:00+00:00,site_001,0.0,15.49,55.14,10.0,0.0,5.0,34.65,0.0
2026-01-23T21:00:00+00:00,site_001,0.0,16.83,52.06,10.0,0.0,0.0,35.23,0.0
2026-01-23T22:00:00+00:00,site_001,0.0,15.63,24.51,10.0,0.0,0.0,8.88,0.0
2026-01-23T23:00:00+00:00,site_001,0.0,13.97,25.1,10.0,0.0,0.0,11.13,0.0
2026-01-24T00:00:00+00:00,site_001,0.0,21.69,21.54,10.2,0.15,0.0,0.0,0.0
2026-01-24T01:00:00+00:00,site_001,0.0,14.6,23.78,10.0,0.0,0.2,8.98,0.0
2026-01-24T02:00:00+00:00,site_001,0.0,18.71,19.33,10.0,0.0,0.0,0.62,0.0
2026-01-24T03:00:00+00:00,site_001,0.0,16.71,20.46,10.0,0.0,0.0,3.75,0.0
2026-01-24T04:00:00+00:00,site_001,0.0,11.44,21.4,10.0,0.0,0.0,9.96,0.0
2026-01-24T05:00:00+00:00,site_001,0.0,14.34,20.45,10.0,0.0,0.0,6.11,0.0
2026-01-24T06:00:00+00:00,site_001,0.0,12.89,19.68,10.0,0.0,0.0,6.79,0.0
2026-01-24T07:00:00+00:00,site_001,15.43,4.99,35.53,10.0,0.0,0.0,15.11,0.0
2026-01-24T08:00:00+00:00,site_001,26.3,12.38,35.67,13.0,3.01,0.0,0.0,0.0
2026-01-24T09:00:00+00:00,site_001,35.96,5.65,36.08,18.5,5.53,0.0,0.0,0.0
2026-01-24T10:00:00+00:00,site_001,51.72,2.29,27.13,38.5,20.0,0.0,0.0,6.88
2026-01-24T11:00:00+00:00,site_001,54.89,2.45,30.71,58.5,20.0,0.0,0.0,6.63
2026-01-24T12:00:00+00:00,site_001,54.42,6.47,30.73,78.5,20.0,0.0,0.0,10.16
2026-01-24T13:00:00+00:00,site_001,48.28,0.0,29.78,97.0,18.5,0.0,0.0,0.0
2026-01-24T14:00:00+00:00,site_001,49.54,1.51,30.95,100.0,3.0,0.0,0.0,17.1
2026-01-24T15:00:00+00:00,site_001,36.75,7.9,30.21,100.0,0.0,0.0,0.0,14.44
2026-01-24T16:00:00+00:00,site_001,28.59,3.13,30.93,100.0,0.0,0.0,0.0,0.79
2026-01-24T17:00:00+00:00,site_001,13.42,7.24,37.99,82.7,0.0,17.33,0.0,0.0
2026-01-24T18:00:00+00:00,site_001,0.0,6.67,42.44,62.7,0.0,20.0,15.77,0.0
2026-01-24T19:00:00+00:00,site_001,0.0,13.34,42.72,42.7,0.0,20.0,9.38,0.0
2026-01-24T20:00:00+00:00,site_001,0.0,15.43,39.04,22.7,0.0,20.0,3.61,0.0
2026-01-24T21:00:00+00:00,site_001,0.0,19.09,38.73,10.0,0.0,12.7,6.94,0.0
2026-01-24T22:00:00+00:00,site_001,0.0,16.31,23.15,10.0,0.0,0.0,6.84,0.0
2026-01-24T23:00:00+00:00,site_001,0.0,22.15,20.91,11.2,1.24,0.0,0.0,0.0
2026-01-25T00:00:00+00:00,site_001,0.0,14.99,21.09,10.0,0.0,1.2,4.9,0.0
2026-01-25T01:00:00+00:00,site_001,0.0,22.39,22.97,10.0,0.0,0.0,0.58,0.0
2026-01-25T02:00:00+00:00,site_001,0.0,21.69,21.18,10.5,0.51,0.0,0.0,0.0
2026-01-25T03:00:00+00:00,site_001,0.0,21.29,21.73,10.1,0.0,0.44,0.0,0.0
2026-01-25T04:00:00+00:00,site_001,0.0,14.98,23.87,10.0,0.0,0.1,8.79,0.0
2026-01-25T05:00:00+00:00,site_001,0.0,13.38,23.26,10.0,0.0,0.0,9.88,0.0
2026-01-25T06:00:00+00:00,site_001,0.0,7.04,22.26,10.0,0.0,0.0,15.22,0.0
2026-01-25T07:00:00+00:00,site_001,14.84,9.76,34.51,10.0,0.0,0.0,9.91,0.0
2026-01-25T08:00:00+00:00,site_001,23.1,9.11,34.43,10.0,0.0,0.0,2.22,0.0
2026-01-25T09:00:00+00:00,site_001,38.21,5.21,36.35,17.1,7.07,0.0,0.0,0.0
2026-01-25T10:00:00+00:00,site_001,43.54,0.18,31.4,29.4,12.32,0.0,0.0,0.0
2026-01-25T11:00:00+00:00,site_001,48.57,8.99,28.42,49.4,20.0,0.0,0.0,9.14
2026-01-25T12:00:00+00:00,site_001,59.7,8.23,27.43,69.4,20.0,0.0,0.0,20.5
2026-01-25T13:00:00+00:00,site_001,52.7,2.64,31.06,89.4,20.0,0.0,0.0,4.28
2026-01-25T14:00:00+00:00,site_001,47.8,9.28,27.76,100.0,10.6,0.0,0.0,18.72
2026-01-25T15:00:00+00:00,site_001,38.26,8.76,27.22,100.0,0.0,0.0,0.0,19.8
2026-01-25T16:00:00+00:00,site_001,23.0,10.29,28.88,100.0,0.0,0.0,0.0,4.41
2026-01-25T17:00:00+00:00,site_001,13.13,9.98,40.8,82.3,0.0,17.69,0.0,0.0
2026-01-25T18:00:00+00:00,site_001,0.0,15.74,39.64,62.3,0.0,20.0,3.9,0.0
2026-01-25T19:00:00+00:00,site_001,0.0,15.82,40.64,42.3,0.0,20.0,4.82,0.0
2026-01-25T20:00:00+00:00,site_001,0.0,15.29,39.77,22.3,0.0,20.0,4.48,0.0
2026-01-25T21:00:00+00:00,site_001,0.0,18.05,39.02,10.0,0.0,12.3,8.67,0.0
2026-01-25T22:00:00+00:00,site_001,0.0,13.88,22.93,10.0,0.0,0.0,9.05,0.0
2026-01-25T23:00:00+00:00,site_001,0.0,18.48,21.18,10.0,0.0,0.0,2.7,0.0
2026-01-26T00:00:00+00:00,site_001,0.0,19.37,24.31,10.0,0.0,0.0,4.94,0.0
2026-01-26T01:00:00+00:00,site_001,0.0,16.1,25.23,10.0,0.0,0.0,9.13,0.0
2026-01-26T02:00:00+00:00,site_001,0.0,22.71,24.43,10.0,0.0,0.0,1.72,0.0
2026-01-26T03:00:00+00:00,site_001,0.0,20.72,25.46,10.0,0.0,0.0,4.74,0.0
2026-01-26T04:00:00+00:00,site_001,0.0,11.23,27.26,10.0,0.0,0.0,16.03,0.0
2026-01-26T05:00:00+00:00,site_001,0.0,12.71,27.49,10.0,0.0,0.0,14.78,0.0
2026-01-26T06:00:00+00:00,site_001,0.0,7.13,26.41,10.0,0.0,0.0,19.28,0.0
2026-01-26T07:00:00+00:00,site_001,14.93,7.5,45.74,10.0,0.0,0.0,23.31,0.0
2026-01-26T08:00:00+00:00,site_001,22.99,7.92,48.46,10.0,0.0,0.0,17.55,0.0
2026-01-26T09:00:00+00:00,site_001,40.85,8.06,48.64,10.3,0.27,0.0,0.0,0.0
2026-01-26T10:00:00+00:00,site_001,47.26,7.69,37.54,27.7,17.41,0.0,0.0,0.0
2026-01-26T11:00:00+00:00,site_001,45.23,1.02,35.69,38.3,10.56,0.0,0.0,0.0
2026-01-26T12:00:00+00:00,site_001,56.86,0.0,37.77,57.4,19.09,0.0,0.0,0.0
2026-01-26T13:00:00+00:00,site_001,48.81,7.04,37.76,75.5,18.09,0.0,0.0,0.0
2026-01-26T14:00:00+00:00,site_001,46.92,0.62,36.55,86.5,10.99,0.0,0.0,0.0
2026-01-26T15:00:00+00:00,site_001,42.42,8.14,37.63,99.4,12.93,0.0,0.0,0.0
2026-01-26T16:00:00+00:00,site_001,28.27,10.73,35.37,100.0,0.6,0.0,0.0,3.03
2026-01-26T17:00:00+00:00,site_001,15.42,10.73,53.75,80.0,0.0,20.0,7.6,0.0
2026-01-26T18:00:00+00:00,site_001,0.0,9.7,55.89,60.0,0.0,20.0,26.19,0.0
2026-01-26T19:00:00+00:00,site_001,0.0,15.99,54.7,40.0,0.0,20.0,18.71,0.0
2026-01-26T20:00:00+00:00,site_001,0.0,11.82,56.33,20.0,0.0,20.0,24.51,0.0
2026-01-26T21:00:00+00:00,site_001,0.0,15.88,56.05,10.0,0.0,10.0,30.17,0.0
2026-01-26T22:00:00+00:00,site_001,0.0,13.3,23.62,10.0,0.0,0.0,10.32,0.0
2026-01-26T23:00:00+00:00,site_001,0.0,15.02,23.82,10.0,0.0,0.0,8.8,0.0
2026-01-27T00:00:00+00:00,site_001,0.0,16.98,26.55,10.0,0.0,0.0,9.57,0.0
2026-01-27T01:00:00+00:00,site_001,0.0,16.95,27.7,10.0,0.0,0.0,10.75,0.0
2026-01-27T02:00:00+00:00,site_001,0.0,21.69,27.23,10.0,0.0,0.0,5.54,0.0
2026-01-27T03:00:00+00:00,site_001,0.0,14.06,26.18,10.0,0.0,0.0,12.12,0.0
2026-01-27T04:00:00+00:00,site_001,0.0,15.51,23.63,10.0,0.0,0.0,8.12,0.0
2026-01-27T05:00:00+00:00,site_001,0.0,11.22,25.67,10.0,0.0,0.0,14.45,0.0
2026-01-27T06:00:00+00:00,site_001,0.0,7.94,27.71,10.0,0.0,0.0,19.77,0.0
2026-01-27T07:00:00+00:00,site_001,12.25,10.9,47.6,10.0,0.0,0.0,24.45,0.0
2026-01-27T08:00:00+00:00,site_001,27.04,10.93,46.82,10.0,0.0,0.0,8.85,0.0
2026-01-27T09:00:00+00:00,site_001,40.57,1.23,44.23,10.0,0.0,0.0,2.43,0.0
2026-01-27T10:00:00+00:00,site_001,47.3,5.52,38.26,24.6,14.56,0.0,0.0,0.0
2026-01-27T11:00:00+00:00,site_001,54.58,3.17,38.19,44.2,19.56,0.0,0.0,0.0
2026-01-27T12:00:00+00:00,site_001,52.47,5.02,36.45,64.2,20.0,0.0,0.0,1.04
2026-01-27T13:00:00+00:00,site_001,57.33,3.84,39.02,84.2,20.0,0.0,0.0,2.15
2026-01-27T14:00:00+00:00,site_001,47.87,2.73,35.36,99.4,15.24,0.0,0.0,0.0
2026-01-27T15:00:00+00:00,site_001,32.46,5.34,37.42,99.8,0.38,0.0,0.0,0.0
2026-01-27T16:00:00+00:00,site_001,24.03,8.57,36.56,95.8,0.0,3.96,0.0,0.0
2026-01-27T17:00:00+00:00,site_001,14.44,11.65,55.8,75.8,0.0,20.0,9.71,0.0
2026-01-27T18:00:00+00:00,site_001,0.0,7.56,53.35,55.8,0.0,20.0,25.79,0.0
2026-01-27T19:00:00+00:00,site_001,0.0,13.81,53.1,35.8,0.0,20.0,19.29,0.0
2026-01-27T20:00:00+00:00,site_001,0.0,14.66,52.84,15.8,0.0,20.0,18.18,0.0
2026-01-27T21:00:00+00:00,site_001,0.0,14.03,51.98,10.0,0.0,5.8,32.15,0.0
2026-01-27T22:00:00+00:00,site_001,0.0,15.65,24.92,10.0,0.0,0.0,9.27,0.0
2026-01-27T23:00:00+00:00,site_001,0.0,19.65,24.24,10.0,0.0,0.0,4.59,0.0
2026-01-28T00:00:00+00:00,site_001,0.0,22.4,23.8,10.0,0.0,0.0,1.4,0.0
2026-01-28T01:00:00+00:00,site_001,0.0,16.77,25.89,10.0,0.0,0.0,9.12,0.0
2026-01-28T02:00:00+00:00,site_001,0.0,15.87,26.82,10.0,0.0,0.0,10.95,0.0
2026-01-28T03:00:00+00:00,site_001,0.0,16.54,25.57,10.0,0.0,0.0,9.03,0.0
2026-01-28T04:00:00+00:00,site_001,0.0,14.99,24.54,10.0,0.0,0.0,9.55,0.0
2026-01-28T05:00:00+00:00,site_001,0.0,8.42,27.73,10.0,0.0,0.0,19.31,0.0
2026-01-28T06:00:00+00:00,site_001,0.0,15.92,24.08,10.0,0.0,0.0,8.16,0.0
2026-01-28T07:00:00+00:00,site_001,13.02,4.81,46.47,10.0,0.0,0.0,28.64,0.0
2026-01-28T08:00:00+00:00,site_001,29.12,9.04,46.35,10.0,0.0,0.0,8.19,0.0
2026-01-28T09:00:00+00:00,site_001,37.51,9.42,46.15,10.8,0.78,0.0,0.0,0.0
2026-01-28T10:00:00+00:00,site_001,50.43,7.03,38.82,29.4,18.64,0.0,0.0,0.0
2026-01-28T11:00:00+00:00,site_001,48.77,3.01,37.85,43.3,13.93,0.0,0.0,0.0
2026-01-28T12:00:00+00:00,site_001,47.92,4.28,35.37,60.1,16.83,0.0,0.0,0.0
2026-01-28T13:00:00+00:00,site_001,50.77,6.65,36.4,80.1,20.0,0.0,0.0,1.02
2026-01-28T14:00:00+00:00,site_001,51.82,6.56,35.59,100.0,19.9,0.0,0.0,2.89
2026-01-28T15:00:00+00:00,site_001,42.16,4.89,38.97,100.0,0.0,0.0,0.0,8.08
2026-01-28T16:00:00+00:00,site_001,25.04,11.89,38.77,98.2,0.0,1.84,0.0,0.0
2026-01-28T17:00:00+00:00,site_001,12.42,9.4,54.0,78.2,0.0,20.0,12.18,0.0
2026-01-28T18:00:00+00:00,site_001,0.0,7.62,53.17,58.2,0.0,20.0,25.55,0.0
2026-01-28T19:00:00+00:00,site_001,0.0,12.93,53.78,38.2,0.0,20.0,20.85,0.0
2026-01-28T20:00:00+00:00,site_001,0.0,16.06,54.08,18.2,0.0,20.0,18.02,0.0
2026-01-28T21:00:00+00:00,site_001,0.0,14.83,54.57,10.0,0.0,8.2,31.54,0.0
2026-01-28T22:00:00+00:00,site_001,0.0,14.37,27.95,10.0,0.0,0.0,13.58,0.0
2026-01-28T23:00:00+00:00,site_001,0.0,20.89,24.5,10.0,0.0,0.0,3.61,0.0
2026-01-29T00:00:00+00:00,site_001,0.0,17.11,27.14,10.0,0.0,0.0,10.03,0.0
2026-01-29T01:00:00+00:00,site_001,0.0,18.82,26.54,10.0,0.0,0.0,7.72,0.0
2026-01-29T02:00:00+00:00,site_001,0.0,15.74,27.08,10.0,0.0,0.0,11.34,0.0
2026-01-29T03:00:00+00:00,site_001,0.0,15.24,26.37,10.0,0.0,0.0,11.13,0.0
2026-01-29T04:00:00+00:00,site_001,0.0,19.8,25.92,10.0,0.0,0.0,6.12,0.0
2026-01-29T05:00:00+00:00,site_001,0.0,16.16,26.63,10.0,0.0,0.0,10.47,0.0
2026-01-29T06:00:00+00:00,site_001,0.0,6.52,25.37,10.0,0.0,0.0,18.85,0.0
2026-01-29T07:00:00+00:00,site_001,15.4,12.14,47.88,10.0,0.0,0.0,20.34,0.0
2026-01-29T08:00:00+00:00,site_001,26.83,9.71,46.92,10.0,0.0,0.0,10.38,0.0
2026-01-29T09:00:00+00:00,site_001,33.63,7.24,47.1,10.0,0.0,0.0,6.23,0.0
2026-01-29T10:00:00+00:00,site_001,49.9,1.23,38.4,22.7,12.73,0.0,0.0,0.0
2026-01-29T11:00:00+00:00,site_001,43.92,8.49,35.55,39.6,16.86,0.0,0.0,0.0
2026-01-29T12:00:00+00:00,site_001,45.28,1.89,35.76,51.0,11.41,0.0,0.0,0.0
2026-01-29T13:00:00+00:00,site_001,53.47,3.11,38.87,68.7,17.71,0.0,0.0,0.0
2026-01-29T14:00:00+00:00,site_001,50.93,8.48,38.68,88.7,20.0,0.0,0.0,0.73
2026-01-29T15:00:00+00:00,site_001,32.48,2.33,36.04,87.5,0.0,1.23,0.0,0.0
2026-01-29T16:00:00+00:00,site_001,24.94,9.12,37.63,83.9,0.0,3.57,0.0,0.0
2026-01-29T17:00:00+00:00,site_001,12.86,6.04,56.06,63.9,0.0,20.0,17.16,0.0
2026-01-29T18:00:00+00:00,site_001,0.0,9.79,55.36,43.9,0.0,20.0,25.57,0.0
2026-01-29T19:00:00+00:00,site_001,0.0,15.4,54.72,23.9,0.0,20.0,19.32,0.0
2026-01-29T20:00:00+00:00,site_001,0.0,16.93,54.55,10.0,0.0,13.9,23.72,0.0
2026-01-29T21:00:00+00:00,site_001,0.0,13.48,52.73,10.0,0.0,0.0,39.25,0.0
2026-01-29T22:00:00+00:00,site_001,0.0,18.33,24.12,10.0,0.0,0.0,5.79,0.0
2026-01-29T23:00:00+00:00,site_001,0.0,23.22,24.49,10.0,0.0,0.0,1.27,0.0
2026-01-30T00:00:00+00:00,site_001,0.0,16.64,24.04,10.0,0.0,0.0,7.4,0.0
2026-01-30T01:00:00+00:00,site_001,0.0,20.54,24.59,10.0,0.0,0.0,4.05,0.0
2026-01-30T02:00:00+00:00,site_001,0.0,16.23,27.67,10.0,0.0,0.0,11.44,0.0
2026-01-30T03:00:00+00:00,site_001,0.0,19.51,24.37,10.0,0.0,0.0,4.86,0.0
2026-01-30T04:00:00+00:00,site_001,0.0,11.22,26.38,10.0,0.0,0.0,15.16,0.0
2026-01-30T05:00:00+00:00,site_001,0.0,11.99,27.9,10.0,0.0,0.0,15.91,0.0
2026-01-30T06:00:00+00:00,site_001,0.0,15.8,27.02,10.0,0.0,0.0,11.22,0.0
2026-01-30T07:00:00+00:00,site_001,12.77,7.19,47.57,10.0,0.0,0.0,27.61,0.0
2026-01-30T08:00:00+00:00,site_001,25.1,6.92,45.28,10.0,0.0,0.0,13.26,0.0
2026-01-30T09:00:00+00:00,site_001,36.9,2.97,46.69,10.0,0.0,0.0,6.82,0.0
2026-01-30T10:00:00+00:00,site_001,51.09,6.72,35.69,30.0,20.0,0.0,0.0,2.12
2026-01-30T11:00:00+00:00,site_001,52.39,4.87,36.21,50.0,20.0,0.0,0.0,1.05
2026-01-30T12:00:00+00:00,site_001,55.05,4.06,38.19,70.0,20.0,0.0,0.0,0.92
2026-01-30T13:00:00+00:00,site_001,44.23,3.14,38.59,78.8,8.78,0.0,0.0,0.0
2026-01-30T14:00:00+00:00,site_001,40.28,7.46,35.03,91.5,12.71,0.0,0.0,0.0
2026-01-30T15:00:00+00:00,site_001,37.66,10.24,37.03,100.0,8.5,0.0,0.0,2.37
2026-01-30T16:00:00+00:00,site_001,29.51,11.28,37.39,100.0,0.0,0.0,0.0,3.4
2026-01-30T17:00:00+00:00,site_001,12.42,13.95,53.11,80.0,0.0,20.0,6.74,0.0
2026-01-30T18:00:00+00:00,site_001,0.0,15.33,51.95,60.0,0.0,20.0,16.62,0.0
2026-01-30T19:00:00+00:00,site_001,0.0,13.93,54.18,40.0,0.0,20.0,20.25,0.0
2026-01-30T20:00:00+00:00,site_001,0.0,17.23,56.18,20.0,0.0,20.0,18.95,0.0
2026-01-30T21:00:00+00:00,site_001,0.0,20.69,52.38,10.0,0.0,10.0,21.69,0.0
2026-01-30T22:00:00+00:00,site_001,0.0,21.57,23.88,10.0,0.0,0.0,2.31,0.0
2026-01-30T23:00:00+00:00,site_001,0.0,22.69,27.99,10.0,0.0,0.0,5.3,0.0
2026-01-01T00:00:00+00:00,site_002,0.0,35.44,60.48,37.5,0.0,25.04,0.0,0.0
2026-01-01T01:00:00+00:00,site_002,0.0,45.72,62.81,29.0,0.0,17.09,0.0,0.0
2026-01-01T02:00:00+00:00,site_002,0.0,44.01,62.38,19.8,0.0,18.37,0.0,0.0
2026-01-01T03:00:00+00:00,site_002,0.0,23.29,60.84,10.0,0.0,19.6,17.95,0.0
2026-01-01T04:00:00+00:00,site_002,0.0,22.15,62.91,10.0,0.0,0.0,40.76,0.0
2026-01-01T05:00:00+00:00,site_002,0.0,22.07,62.95,10.0,0.0,0.0,40.88,0.0
2026-01-01T06:00:00+00:00,site_002,0.0,22.38,62.69,10.0,0.0,0.0,40.31,0.0
2026-01-01T07:00:00+00:00,site_002,29.9,17.98,93.96,10.0,0.0,0.0,46.08,0.0
2026-01-01T08:00:00+00:00,site_002,46.69,8.25,95.29,10.0,0.0,0.0,40.35,0.0
2026-01-01T09:00:00+00:00,site_002,69.1,5.62,96.68,10.0,0.0,0.0,21.96,0.0
2026-01-01T10:00:00+00:00,site_002,98.49,10.87,81.79,23.8,27.57,0.0,0.0,0.0
2026-01-01T11:00:00+00:00,site_002,92.02,15.13,82.49,36.1,24.66,0.0,0.0,0.0
2026-01-01T12:00:00+00:00,site_002,114.81,7.81,78.43,56.1,40.0,0.0,0.0,4.19
2026-01-01T13:00:00+00:00,site_002,106.33,1.71,78.7,70.8,29.34,0.0,0.0,0.0
2026-01-01T14:00:00+00:00,site_002,86.35,4.47,79.3,76.6,11.52,0.0,0.0,0.0
2026-01-01T15:00:00+00:00,site_002,68.64,16.97,82.77,78.0,2.84,0.0,0.0,0.0
2026-01-01T16:00:00+00:00,site_002,49.53,19.46,78.06,73.5,0.0,9.07,0.0,0.0
2026-01-01T17:00:00+00:00,site_002,28.37,22.47,105.81,53.5,0.0,40.0,14.97,0.0
2026-01-01T18:00:00+00:00,site_002,0.0,18.64,107.53,33.5,0.0,40.0,48.89,0.0
2026-01-01T19:00:00+00:00,site_002,0.0,26.43,109.98,13.5,0.0,40.0,43.55,0.0
2026-01-01T20:00:00+00:00,site_002,0.0,34.07,107.05,10.0,0.0,7.0,65.98,0.0
2026-01-01T21:00:00+00:00,site_002,0.0,25.45,110.08,10.0,0.0,0.0,84.63,0.0
2026-01-01T22:00:00+00:00,site_002,0.0,31.39,61.07,10.0,0.0,0.0,29.68,0.0
2026-01-01T23:00:00+00:00,site_002,0.0,31.37,58.67,10.0,0.0,0.0,27.3,0.0
2026-01-02T00:00:00+00:00,site_002,0.0,30.56,61.74,10.0,0.0,0.0,31.18,0.0
2026-01-02T01:00:00+00:00,site_002,0.0,39.1,60.08,10.0,0.0,0.0,20.98,0.0
2026-01-02T02:00:00+00:00,site_002,0.0,36.48,60.35,10.0,0.0,0.0,23.87,0.0
2026-01-02T03:00:00+00:00,site_002,0.0,33.86,61.32,10.0,0.0,0.0,27.46,0.0
2026-01-02T04:00:00+00:00,site_002,0.0,24.37,59.24,10.0,0.0,0.0,34.87,0.0
2026-01-02T05:00:00+00:00,site_002,0.0,31.48,62.37,10.0,0.0,0.0,30.89,0.0
2026-01-02T06:00:00+00:00,site_002,0.0,21.43,61.52,10.0,0.0,0.0,40.09,0.0
2026-01-02T07:00:00+00:00,site_002,23.9,19.9,93.31,10.0,0.0,0.0,49.51,0.0
2026-01-02T08:00:00+00:00,site_002,53.21,15.11,95.86,10.0,0.0,0.0,27.54,0.0
2026-01-02T09:00:00+00:00,site_002,66.82,8.46,95.6,10.0,0.0,0.0,20.32,0.0
2026-01-02T10:00:00+00:00,site_002,80.96,3.62,80.92,11.8,3.66,0.0,0.0,0.0
2026-01-02T11:00:00+00:00,site_002,89.57,8.22,82.04,19.7,15.75,0.0,0.0,0.0
2026-01-02T12:00:00+00:00,site_002,103.6,7.76,80.28,35.2,31.08,0.0,0.0,0.0
2026-01-02T13:00:00+00:00,site_002,88.61,7.26,82.03,42.1,13.84,0.0,0.0,0.0
2026-01-02T14:00:00+00:00,site_002,96.73,7.43,82.08,53.1,22.08,0.0,0.0,0.0
2026-01-02T15:00:00+00:00,site_002,79.46,13.46,78.23,60.4,14.69,0.0,0.0,0.0
2026-01-02T16:00:00+00:00,site_002,50.17,6.28,82.97,47.1,0.0,26.52,0.0,0.0
2026-01-02T17:00:00+00:00,site_002,30.55,10.0,110.17,27.1,0.0,40.0,29.62,0.0
2026-01-02T18:00:00+00:00,site_002,0.0,20.68,109.34,10.0,0.0,34.2,54.46,0.0
2026-01-02T19:00:00+00:00,site_002,0.0,31.7,110.39,10.0,0.0,0.0,78.69,0.0
2026-01-02T20:00:00+00:00,site_002,0.0,32.92,107.6,10.0,0.0,0.0,74.68,0.0
2026-01-02T21:00:00+00:00,site_002,0.0,42.96,107.41,10.0,0.0,0.0,64.45,0.0
2026-01-02T22:00:00+00:00,site_002,0.0,42.88,62.53,10.0,0.0,0.0,19.65,0.0
2026-01-02T23:00:00+00:00,site_002,0.0,34.5,61.41,10.0,0.0,0.0,26.91,0.0
2026-01-03T00:00:00+00:00,site_002,0.0,40.74,51.7,10.0,0.0,0.0,10.96,0.0
2026-01-03T01:00:00+00:00,site_002,0.0,40.06,50.74,10.0,0.0,0.0,10.68,0.0
2026-01-03T02:00:00+00:00,site_002,0.0,29.06,51.69,10.0,0.0,0.0,22.63,0.0
2026-01-03T03:00:00+00:00,site_002,0.0,33.68,52.64,10.0,0.0,0.0,18.96,0.0
2026-01-03T04:00:00+00:00,site_002,0.0,24.45,49.02,10.0,0.0,0.0,24.57,0.0
2026-01-03T05:00:00+00:00,site_002,0.0,16.84,50.49,10.0,0.0,0.0,33.65,0.0
2026-01-03T06:00:00+00:00,site_002,0.0,23.39,51.66,10.0,0.0,0.0,28.27,0.0
2026-01-03T07:00:00+00:00,site_002,29.69,13.57,73.48,10.0,0.0,0.0,30.22,0.0
2026-01-03T08:00:00+00:00,site_002,49.13,23.75,75.38,10.0,0.0,0.0,2.5,0.0
2026-01-03T09:00:00+00:00,site_002,66.03,18.08,73.85,15.1,10.26,0.0,0.0,0.0
2026-01-03T10:00:00+00:00,site_002,97.84,17.18,62.08,35.1,40.0,0.0,0.0,12.94
2026-01-03T11:00:00+00:00,site_002,92.91,0.03,62.17,50.5,30.77,0.0,0.0,0.0
2026-01-03T12:00:00+00:00,site_002,107.93,11.57,62.24,70.5,40.0,0.0,0.0,17.26
2026-01-03T13:00:00+00:00,site_002,108.39,6.06,63.17,90.5,40.0,0.0,0.0,11.28
2026-01-03T14:00:00+00:00,site_002,83.59,16.78,62.28,100.0,19.0,0.0,0.0,19.09
2026-01-03T15:00:00+00:00,site_002,74.33,7.68,66.08,100.0,0.0,0.0,0.0,15.93
2026-01-03T16:00:00+00:00,site_002,55.97,11.38,64.99,100.0,0.0,0.0,0.0,2.36
2026-01-03T17:00:00+00:00,site_002,28.52,15.03,81.38,81.1,0.0,37.83,0.0,0.0
2026-01-03T18:00:00+00:00,site_002,0.0,25.7,80.98,61.1,0.0,40.0,15.28,0.0
2026-01-03T19:00:00+00:00,site_002,0.0,22.39,80.18,41.1,0.0,40.0,17.79,0.0
2026-01-03T20:00:00+00:00,site_002,0.0,38.97,84.27,21.1,0.0,40.0,5.3,0.0
2026-01-03T21:00:00+00:00,site_002,0.0,41.34,83.0,10.0,0.0,22.2,19.46,0.0
2026-01-03T22:00:00+00:00,site_002,0.0,34.03,51.48,10.0,0.0,0.0,17.45,0.0
2026-01-03T23:00:00+00:00,site_002,0.0,46.43,53.71,10.0,0.0,0.0,7.28,0.0
2026-01-04T00:00:00+00:00,site_002,0.0,40.93,52.93,10.0,0.0,0.0,12.0,0.0
2026-01-04T01:00:00+00:00,site_002,0.0,33.36,51.08,10.0,0.0,0.0,17.72,0.0
2026-01-04T02:00:00+00:00,site_002,0.0,28.47,50.88,10.0,0.0,0.0,22.41,0.0
2026-01-04T03:00:00+00:00,site_002,0.0,38.19,51.37,10.0,0.0,0.0,13.18,0.0
2026-01-04T04:00:00+00:00,site_002,0.0,36.99,50.5,10.0,0.0,0.0,13.51,0.0
2026-01-04T05:00:00+00:00,site_002,0.0,30.53,53.03,10.0,0.0,0.0,22.5,0.0
2026-01-04T06:00:00+00:00,site_002,0.0,23.75,53.84,10.0,0.0,0.0,30.09,0.0
2026-01-04T07:00:00+00:00,site_002,27.62,11.3,72.96,10.0,0.0,0.0,34.04,0.0
2026-01-04T08:00:00+00:00,site_002,48.05,17.93,76.36,10.0,0.0,0.0,10.38,0.0
2026-01-04T09:00:00+00:00,site_002,81.61,3.74,75.37,15.0,9.98,0.0,0.0,0.0
2026-01-04T10:00:00+00:00,site_002,82.89,4.88,65.37,26.2,22.4,0.0,0.0,0.0
2026-01-04T11:00:00+00:00,site_002,104.4,15.48,62.94,46.2,40.0,0.0,0.0,16.94
2026-01-04T12:00:00+00:00,site_002,112.85,11.99,64.79,66.2,40.0,0.0,0.0,20.05
2026-01-04T13:00:00+00:00,site_002,100.83,15.4,63.66,86.2,40.0,0.0,0.0,12.57
2026-01-04T14:00:00+00:00,site_002,102.81,0.0,66.69,100.0,27.6,0.0,0.0,8.52
2026-01-04T15:00:00+00:00,site_002,84.05,4.24,67.0,100.0,0.0,0.0,0.0,21.29
2026-01-04T16:00:00+00:00,site_002,52.18,9.85,65.02,98.5,0.0,2.99,0.0,0.0
2026-01-04T17:00:00+00:00,site_002,24.88,26.92,82.64,83.1,0.0,30.84,0.0,0.0
2026-01-04T18:00:00+00:00,site_002,0.0,20.11,82.54,63.1,0.0,40.0,22.43,0.0
2026-01-04T19:00:00+00:00,site_002,0.0,23.57,81.18,43.1,0.0,40.0,17.61,0.0
2026-01-04T20:00:00+00:00,site_002,0.0,30.26,82.36,23.1,0.0,40.0,12.1,0.0
2026-01-04T21:00:00+00:00,site_002,0.0,25.08,84.78,10.0,0.0,26.2,33.5,0.0
2026-01-04T22:00:00+00:00,site_002,0.0,34.88,53.2,10.0,0.0,0.0,18.32,0.0
2026-01-04T23:00:00+00:00,site_002,0.0,45.28,50.85,10.0,0.0,0.0,5.57,0.0
2026-01-05T00:00:00+00:00,site_002,0.0,35.78,60.81,10.0,0.0,0.0,25.03,0.0
2026-01-05T01:00:00+00:00,site_002,0.0,31.41,58.73,10.0,0.0,0.0,27.32,0.0
2026-01-05T02:00:00+00:00,site_002,0.0,30.71,62.67,10.0,0.0,0.0,31.96,0.0
2026-01-05T03:00:00+00:00,site_002,0.0,34.69,60.09,10.0,0.0,0.0,25.4,0.0
2026-01-05T04:00:00+00:00,site_002,0.0,23.05,59.65,10.0,0.0,0.0,36.6,0.0
2026-01-05T05:00:00+00:00,site_002,0.0,23.98,62.17,10.0,0.0,0.0,38.19,0.0
2026-01-05T06:00:00+00:00,site_002,0.0,25.59,61.42,10.0,0.0,0.0,35.83,0.0
2026-01-05T07:00:00+00:00,site_002,25.29,25.05,97.83,10.0,0.0,0.0,47.49,0.0
2026-01-05T08:00:00+00:00,site_002,54.63,14.81,93.84,10.0,0.0,0.0,24.4,0.0
2026-01-05T09:00:00+00:00,site_002,80.5,5.28,96.6,10.0,0.0,0.0,10.82,0.0
2026-01-05T10:00:00+00:00,site_002,90.63,17.85,80.71,23.9,27.77,0.0,0.0,0.0
2026-01-05T11:00:00+00:00,site_002,105.53,0.0,78.17,37.6,27.36,0.0,0.0,0.0
2026-01-05T12:00:00+00:00,site_002,115.4,16.4,81.34,57.6,40.0,0.0,0.0,10.46
2026-01-05T13:00:00+00:00,site_002,109.08,6.26,82.21,74.2,33.13,0.0,0.0,0.0
2026-01-05T14:00:00+00:00,site_002,83.96,13.65,78.05,84.0,19.56,0.0,0.0,0.0
2026-01-05T15:00:00+00:00,site_002,74.37,9.36,81.09,85.3,2.64,0.0,0.0,0.0
2026-01-05T16:00:00+00:00,site_002,55.0,17.33,80.42,81.3,0.0,8.09,0.0,0.0
2026-01-05T17:00:00+00:00,site_002,27.08,8.75,108.26,61.3,0.0,40.0,32.43,0.0
2026-01-05T18:00:00+00:00,site_002,0.0,23.09,106.87,41.3,0.0,40.0,43.78,0.0
2026-01-05T19:00:00+00:00,site_002,0.0,35.93,105.59,21.3,0.0,40.0,29.66,0.0
2026-01-05T20:00:00+00:00,site_002,0.0,36.26,108.87,10.0,0.0,22.6,50.01,0.0
2026-01-05T21:00:00+00:00,site_002,0.0,39.23,110.05,10.0,0.0,0.0,70.82,0.0
2026-01-05T22:00:00+00:00,site_002,0.0,27.63,58.48,10.0,0.0,0.0,30.85,0.0
2026-01-05T23:00:00+00:00,site_002,0.0,29.97,58.96,10.0,0.0,0.0,28.99,0.0
2026-01-06T00:00:00+00:00,site_002,0.0,38.03,62.08,10.0,0.0,0.0,24.05,0.0
2026-01-06T01:00:00+00:00,site_002,0.0,32.34,59.98,10.0,0.0,0.0,27.64,0.0
2026-01-06T02:00:00+00:00,site_002,0.0,32.95,60.03,10.0,0.0,0.0,27.08,0.0
2026-01-06T03:00:00+00:00,site_002,0.0,34.41,62.95,10.0,0.0,0.0,28.54,0.0
2026-01-06T04:00:00+00:00,site_002,0.0,24.52,61.42,10.0,0.0,0.0,36.9,0.0
2026-01-06T05:00:00+00:00,site_002,0.0,33.34,61.27,10.0,0.0,0.0,27.93,0.0
2026-01-06T06:00:00+00:00,site_002,0.0,27.69,58.47,10.0,0.0,0.0,30.78,0.0
2026-01-06T07:00:00+00:00,site_002,26.24,19.67,93.28,10.0,0.0,0.0,47.37,0.0
2026-01-06T08:00:00+00:00,site_002,45.14,8.43,95.5,10.0,0.0,0.0,41.93,0.0
2026-01-06T09:00:00+00:00,site_002,72.84,17.58,95.83,10.0,0.0,0.0,5.41,0.0
2026-01-06T10:00:00+00:00,site_002,100.23,1.42,80.64,20.5,21.01,0.0,0.0,0.0
2026-01-06T11:00:00+00:00,site_002,88.17,2.24,82.34,24.5,8.07,0.0,0.0,0.0
2026-01-06T12:00:00+00:00,site_002,116.63,7.01,78.23,44.5,40.0,0.0,0.0,5.41
2026-01-06T13:00:00+00:00,site_002,89.09,16.52,82.5,56.1,23.11,0.0,0.0,0.0
2026-01-06T14:00:00+00:00,site_002,92.58,0.17,82.64,61.2,10.11,0.0,0.0,0.0
2026-01-06T15:00:00+00:00,site_002,70.31,21.12,80.94,66.4,10.49,0.0,0.0,0.0
2026-01-06T16:00:00+00:00,site_002,56.28,19.25,79.99,64.2,0.0,4.46,0.0,0.0
2026-01-06T17:00:00+00:00,site_002,23.89,11.87,106.7,44.2,0.0,40.0,30.94,0.0
2026-01-06T18:00:00+00:00,site_002,0.0,20.28,109.98,24.2,0.0,40.0,49.7,0.0
2026-01-06T19:00:00+00:00,site_002,0.0,23.02,109.28,10.0,0.0,28.4,57.86,0.0
2026-01-06T20:00:00+00:00,site_002,0.0,22.8,110.44,10.0,0.0,0.0,87.64,0.0
2026-01-06T21:00:00+00:00,site_002,0.0,37.59,108.0,10.0,0.0,0.0,70.41,0.0
2026-01-06T22:00:00+00:00,site_002,0.0,44.98,58.27,10.0,0.0,0.0,13.29,0.0
2026-01-06T23:00:00+00:00,site_002,0.0,35.73,62.19,10.0,0.0,0.0,26.46,0.0
2026-01-07T00:00:00+00:00,site_002,0.0,34.31,61.85,10.0,0.0,0.0,27.54,0.0
2026-01-07T01:00:00+00:00,site_002,0.0,46.09,59.98,10.0,0.0,0.0,13.89,0.0
2026-01-07T02:00:00+00:00,site_002,0.0,40.96,58.15,10.0,0.0,0.0,17.19,0.0
2026-01-07T03:00:00+00:00,site_002,0.0,28.57,62.96,10.0,0.0,0.0,34.39,0.0
2026-01-07T04:00:00+00:00,site_002,0.0,29.81,59.78,10.0,0.0,0.0,29.97,0.0
2026-01-07T05:00:00+00:00,site_002,0.0,35.21,60.16,10.0,0.0,0.0,24.95,0.0
2026-01-07T06:00:00+00:00,site_002,0.0,25.71,58.43,10.0,0.0,0.0,32.72,0.0
2026-01-07T07:00:00+00:00,site_002,28.1,24.58,96.57,10.0,0.0,0.0,43.89,0.0
2026-01-07T08:00:00+00:00,site_002,46.23,8.08,96.56,10.0,0.0,0.0,42.25,0.0
2026-01-07T09:00:00+00:00,site_002,77.09,16.69,94.58,10.0,0.0,0.0,0.8,0.0
2026-01-07T10:00:00+00:00,site_002,80.71,0.0,79.54,10.6,1.17,0.0,0.0,0.0
2026-01-07T11:00:00+00:00,site_002,97.36,3.41,78.66,21.7,22.11,0.0,0.0,0.0
2026-01-07T12:00:00+00:00,site_002,95.62,6.48,80.77,32.4,21.33,0.0,0.0,0.0
2026-01-07T13:00:00+00:00,site_002,98.76,0.0,79.77,41.9,18.99,0.0,0.0,0.0
2026-01-07T14:00:00+00:00,site_002,80.36,11.47,79.62,48.0,12.21,0.0,0.0,0.0
2026-01-07T15:00:00+00:00,site_002,71.81,7.73,79.94,47.8,0.0,0.4,0.0,0.0
2026-01-07T16:00:00+00:00,site_002,46.27,23.02,82.53,41.2,0.0,13.24,0.0,0.0
2026-01-07T17:00:00+00:00,site_002,30.89,20.06,106.35,21.2,0.0,40.0,15.4,0.0
2026-01-07T18:00:00+00:00,site_002,0.0,15.28,107.01,10.0,0.0,22.4,69.33,0.0
2026-01-07T19:00:00+00:00,site_002,0.0,26.24,105.82,10.0,0.0,0.0,79.58,0.0
2026-01-07T20:00:00+00:00,site_002,0.0,28.69,107.61,10.0,0.0,0.0,78.92,0.0
2026-01-07T21:00:00+00:00,site_002,0.0,32.79,105.88,10.0,0.0,0.0,73.09,0.0
2026-01-07T22:00:00+00:00,site_002,0.0,30.52,59.23,10.0,0.0,0.0,28.71,0.0
2026-01-07T23:00:00+00:00,site_002,0.0,39.49,60.97,10.0,0.0,0.0,21.48,0.0
2026-01-08T00:00:00+00:00,site_002,0.0,31.41,58.53,10.0,0.0,0.0,27.12,0.0
2026-01-08T01:00:00+00:00,site_002,0.0,33.08,62.74,10.0,0.0,0.0,29.66,0.0
2026-01-08T02:00:00+00:00,site_002,0.0,32.13,61.1,10.0,0.0,0.0,28.97,0.0
2026-01-08T03:00:00+00:00,site_002,0.0,39.19,59.65,10.0,0.0,0.0,20.46,0.0
2026-01-08T04:00:00+00:00,site_002,0.0,26.69,62.08,10.0,0.0,0.0,35.39,0.0
2026-01-08T05:00:00+00:00,site_002,0.0,33.57,62.87,10.0,0.0,0.0,29.3,0.0
2026-01-08T06:00:00+00:00,site_002,0.0,18.91,62.74,10.0,0.0,0.0,43.83,0.0
2026-01-08T07:00:00+00:00,site_002,24.85,14.9,97.82,10.0,0.0,0.0,58.07,0.0
2026-01-08T08:00:00+00:00,site_002,59.53,10.83,96.47,10.0,0.0,0.0,26.11,0.0
2026-01-08T09:00:00+00:00,site_002,74.06,13.41,94.21,10.0,0.0,0.0,6.74,0.0
2026-01-08T10:00:00+00:00,site_002,87.71,15.84,79.96,21.8,23.59,0.0,0.0,0.0
2026-01-08T11:00:00+00:00,site_002,90.23,9.29,80.96,31.1,18.56,0.0,0.0,0.0
2026-01-08T12:00:00+00:00,site_002,106.37,11.13,80.75,49.5,36.75,0.0,0.0,0.0
2026-01-08T13:00:00+00:00,site_002,114.55,7.24,81.54,69.5,40.0,0.0,0.0,0.25
2026-01-08T14:00:00+00:00,site_002,89.33,5.34,81.46,76.1,13.21,0.0,0.0,0.0
2026-01-08T15:00:00+00:00,site_002,81.01,17.81,80.05,85.5,18.77,0.0,0.0,0.0
2026-01-08T16:00:00+00:00,site_002,52.49,17.67,79.21,81.0,0.0,9.05,0.0,0.0
2026-01-08T17:00:00+00:00,site_002,28.41,22.92,109.45,61.0,0.0,40.0,18.12,0.0
2026-01-08T18:00:00+00:00,site_002,0.0,32.31,107.9,41.0,0.0,40.0,35.59,0.0
2026-01-08T19:00:00+00:00,site_002,0.0,24.4,108.03,21.0,0.0,40.0,43.63,0.0
2026-01-08T20:00:00+00:00,site_002,0.0,38.41,108.96,10.0,0.0,22.0,48.55,0.0
2026-01-08T21:00:00+00:00,site_002,0.0,33.98,109.45,10.0,0.0,0.0,75.47,0.0
2026-01-08T22:00:00+00:00,site_002,0.0,32.68,62.48,10.0,0.0,0.0,29.8,0.0
2026-01-08T23:00:00+00:00,site_002,0.0,37.73,61.19,10.0,0.0,0.0,23.46,0.0
2026-01-09T00:00:00+00:00,site_002,0.0,29.2,61.84,10.0,0.0,0.0,32.64,0.0
2026-01-09T01:00:00+00:00,site_002,0.0,40.14,59.78,10.0,0.0,0.0,19.64,0.0
2026-01-09T02:00:00+00:00,site_002,0.0,38.43,58.22,10.0,0.0,0.0,19.79,0.0
2026-01-09T03:00:00+00:00,site_002,0.0,42.78,61.39,10.0,0.0,0.0,18.61,0.0
2026-01-09T04:00:00+00:00,site_002,0.0,27.99,61.76,10.0,0.0,0.0,33.77,0.0
2026-01-09T05:00:00+00:00,site_002,0.0,35.7,60.15,10.0,0.0,0.0,24.45,0.0
2026-01-09T06:00:00+00:00,site_002,0.0,17.67,60.55,10.0,0.0,0.0,42.88,0.0
2026-01-09T07:00:00+00:00,site_002,27.32,20.23,95.88,10.0,0.0,0.0,48.33,0.0
2026-01-09T08:00:00+00:00,site_002,51.69,12.82,96.86,10.0,0.0,0.0,32.35,0.0
2026-01-09T09:00:00+00:00,site_002,76.13,11.9,94.72,10.0,0.0,0.0,6.69,0.0
2026-01-09T10:00:00+00:00,site_002,78.58,1.6,80.08,10.1,0.1,0.0,0.0,0.0
2026-01-09T11:00:00+00:00,site_002,114.8,0.33,82.7,26.3,32.43,0.0,0.0,0.0
2026-01-09T12:00:00+00:00,site_002,94.25,3.74,80.28,35.2,17.71,0.0,0.0,0.0
2026-01-09T13:00:00+00:00,site_002,92.93,7.67,80.38,45.3,20.22,0.0,0.0,0.0
2026-01-09T14:00:00+00:00,site_002,89.33,13.44,79.59,56.9,23.18,0.0,0.0,0.0
2026-01-09T15:00:00+00:00,site_002,70.01,18.1,78.58,61.7,9.53,0.0,0.0,0.0
2026-01-09T16:00:00+00:00,site_002,57.74,17.96,81.39,58.9,0.0,5.69,0.0,0.0
2026-01-09T17:00:00+00:00,site_002,24.57,28.3,106.72,38.9,0.0,40.0,13.85,0.0
2026-01-09T18:00:00+00:00,site_002,0.0,15.7,108.3,18.9,0.0,40.0,52.6,0.0
2026-01-09T19:00:00+00:00,site_002,0.0,35.55,106.66,10.0,0.0,17.8,53.31,0.0
2026-01-09T20:00:00+00:00,site_002,0.0,28.1,106.42,10.0,0.0,0.0,78.32,0.0
2026-01-09T21:00:00+00:00,site_002,0.0,35.92,107.66,10.0,0.0,0.0,71.74,0.0
2026-01-09T22:00:00+00:00,site_002,0.0,26.07,61.07,10.0,0.0,0.0,35.0,0.0
2026-01-09T23:00:00+00:00,site_002,0.0,30.94,60.96,10.0,0.0,0.0,30.02,0.0
2026-01-10T00:00:00+00:00,site_002,0.0,35.28,52.52,10.0,0.0,0.0,17.24,0.0
2026-01-10T01:00:00+00:00,site_002,0.0,31.1,52.76,10.0,0.0,0.0,21.66,0.0
2026-01-10T02:00:00+00:00,site_002,0.0,41.66,49.31,10.0,0.0,0.0,7.65,0.0
2026-01-10T03:00:00+00:00,site_002,0.0,25.14,53.36,10.0,0.0,0.0,28.22,0.0
2026-01-10T04:00:00+00:00,site_002,0.0,23.74,50.63,10.0,0.0,0.0,26.89,0.0
2026-01-10T05:00:00+00:00,site_002,0.0,25.53,50.31,10.0,0.0,0.0,24.78,0.0
2026-01-10T06:00:00+00:00,site_002,0.0,23.05,52.2,10.0,0.0,0.0,29.15,0.0
2026-01-10T07:00:00+00:00,site_002,27.93,20.84,74.69,10.0,0.0,0.0,25.92,0.0
2026-01-10T08:00:00+00:00,site_002,50.22,21.91,74.84,10.0,0.0,0.0,2.71,0.0
2026-01-10T09:00:00+00:00,site_002,80.9,16.01,73.24,21.8,23.67,0.0,0.0,0.0
2026-01-10T10:00:00+00:00,site_002,93.91,1.2,62.67,38.0,32.44,0.0,0.0,0.0
2026-01-10T11:00:00+00:00,site_002,90.35,4.12,62.92,53.8,31.55,0.0,0.0,0.0
2026-01-10T12:00:00+00:00,site_002,110.8,7.72,64.09,73.8,40.0,0.0,0.0,14.43
2026-01-10T13:00:00+00:00,site_002,90.93,5.69,62.93,90.6,33.69,0.0,0.0,0.0
2026-01-10T14:00:00+00:00,site_002,94.45,13.38,65.23,100.0,18.8,0.0,0.0,23.8
2026-01-10T15:00:00+00:00,site_002,84.85,12.99,64.45,100.0,0.0,0.0,0.0,33.39
2026-01-10T16:00:00+00:00,site_002,47.1,11.29,64.26,97.1,0.0,5.87,0.0,0.0
2026-01-10T17:00:00+00:00,site_002,23.71,15.8,79.92,77.1,0.0,40.0,0.41,0.0
2026-01-10T18:00:00+00:00,site_002,0.0,28.8,84.69,57.1,0.0,40.0,15.89,0.0
2026-01-10T19:00:00+00:00,site_002,0.0,26.49,82.35,37.1,0.0,40.0,15.86,0.0
2026-01-10T20:00:00+00:00,site_002,0.0,33.69,81.95,17.1,0.0,40.0,8.26,0.0
2026-01-10T21:00:00+00:00,site_002,0.0,39.9,82.32,10.0,0.0,14.2,28.22,0.0
2026-01-10T22:00:00+00:00,site_002,0.0,27.14,49.15,10.0,0.0,0.0,22.01,0.0
2026-01-10T23:00:00+00:00,site_002,0.0,42.21,50.46,10.0,0.0,0.0,8.25,0.0
2026-01-11T00:00:00+00:00,site_002,0.0,33.0,51.69,10.0,0.0,0.0,18.69,0.0
2026-01-11T01:00:00+00:00,site_002,0.0,30.35,51.29,10.0,0.0,0.0,20.94,0.0
2026-01-11T02:00:00+00:00,site_002,0.0,40.34,52.83,10.0,0.0,0.0,12.49,0.0
2026-01-11T03:00:00+00:00,site_002,0.0,34.1,49.57,10.0,0.0,0.0,15.47,0.0
2026-01-11T04:00:00+00:00,site_002,0.0,22.28,52.88,10.0,0.0,0.0,30.6,0.0
2026-01-11T05:00:00+00:00,site_002,0.0,32.85,50.83,10.0,0.0,0.0,17.98,0.0
2026-01-11T06:00:00+00:00,site_002,0.0,13.33,52.59,10.0,0.0,0.0,39.26,0.0
2026-01-11T07:00:00+00:00,site_002,27.54,28.41,72.26,10.0,0.0,0.0,16.31,0.0
2026-01-11T08:00:00+00:00,site_002,57.45,20.03,73.24,12.1,4.24,0.0,0.0,0.0
2026-01-11T09:00:00+00:00,site_002,84.84,10.89,73.49,23.2,22.24,0.0,0.0,0.0
2026-01-11T10:00:00+00:00,site_002,99.16,8.29,66.97,43.2,40.0,0.0,0.0,0.48
2026-01-11T11:00:00+00:00,site_002,109.41,2.75,66.05,63.2,40.0,0.0,0.0,6.11
2026-01-11T12:00:00+00:00,site_002,107.64,4.51,65.55,83.2,40.0,0.0,0.0,6.6
2026-01-11T13:00:00+00:00,site_002,105.27,1.33,62.7,100.0,33.6,0.0,0.0,10.3
2026-01-11T14:00:00+00:00,site_002,83.31,3.65,62.3,100.0,0.0,0.0,0.0,24.66
2026-01-11T15:00:00+00:00,site_002,71.08,7.52,64.69,100.0,0.0,0.0,0.0,13.91
2026-01-11T16:00:00+00:00,site_002,49.85,19.08,63.45,100.0,0.0,0.0,0.0,5.48
2026-01-11T17:00:00+00:00,site_002,25.37,25.78,84.8,83.2,0.0,33.65,0.0,0.0
2026-01-11T18:00:00+00:00,site_002,0.0,14.4,84.69,63.2,0.0,40.0,30.29,0.0
2026-01-11T19:00:00+00:00,site_002,0.0,32.1,84.47,43.2,0.0,40.0,12.37,0.0
2026-01-11T20:00:00+00:00,site_002,0.0,39.85,84.21,23.2,0.0,40.0,4.36,0.0
2026-01-11T21:00:00+00:00,site_002,0.0,25.64,84.21,10.0,0.0,26.4,32.17,0.0
2026-01-11T22:00:00+00:00,site_002,0.0,30.48,52.56,10.0,0.0,0.0,22.08,0.0
2026-01-11T23:00:00+00:00,site_002,0.0,43.56,52.81,10.0,0.0,0.0,9.25,0.0
2026-01-12T00:00:00+00:00,site_002,0.0,41.02,60.45,10.0,0.0,0.0,19.43,0.0
2026-01-12T01:00:00+00:00,site_002,0.0,38.54,59.34,10.0,0.0,0.0,20.8,0.0
2026-01-12T02:00:00+00:00,site_002,0.0,33.77,60.26,10.0,0.0,0.0,26.49,0.0
2026-01-12T03:00:00+00:00,site_002,0.0,35.78,62.4,10.0,0.0,0.0,26.62,0.0
2026-01-12T04:00:00+00:00,site_002,0.0,21.86,60.58,10.0,0.0,0.0,38.72,0.0
2026-01-12T05:00:00+00:00,site_002,0.0,21.95,62.68,10.0,0.0,0.0,40.73,0.0
2026-01-12T06:00:00+00:00,site_002,0.0,31.51,59.64,10.0,0.0,0.0,28.13,0.0
2026-01-12T07:00:00+00:00,site_002,23.31,24.1,96.66,10.0,0.0,0.0,49.25,0.0
2026-01-12T08:00:00+00:00,site_002,55.96,14.17,96.32,10.0,0.0,0.0,26.19,0.0
2026-01-12T09:00:00+00:00,site_002,71.24,3.16,95.67,10.0,0.0,0.0,21.27,0.0
2026-01-12T10:00:00+00:00,site_002,83.6,8.1,79.06,16.3,12.64,0.0,0.0,0.0
2026-01-12T11:00:00+00:00,site_002,94.71,14.58,79.69,31.1,29.6,0.0,0.0,0.0
2026-01-12T12:00:00+00:00,site_002,107.34,8.82,80.43,49.0,35.73,0.0,0.0,0.0
2026-01-12T13:00:00+00:00,site_002,96.89,11.66,78.24,64.2,30.31,0.0,0.0,0.0
2026-01-12T14:00:00+00:00,site_002,80.53,15.19,80.3,71.9,15.42,0.0,0.0,0.0
2026-01-12T15:00:00+00:00,site_002,66.28,19.05,80.21,74.5,5.12,0.0,0.0,0.0
2026-01-12T16:00:00+00:00,site_002,45.01,24.16,79.01,69.6,0.0,9.84,0.0,0.0
2026-01-12T17:00:00+00:00,site_002,28.64,11.26,108.75,49.6,0.0,40.0,28.85,0.0
2026-01-12T18:00:00+00:00,site_002,0.0,31.15,106.87,29.6,0.0,40.0,35.72,0.0
2026-01-12T19:00:00+00:00,site_002,0.0,29.47,106.75,10.0,0.0,39.2,38.08,0.0
2026-01-12T20:00:00+00:00,site_002,0.0,27.44,110.02,10.0,0.0,0.0,82.58,0.0
2026-01-12T21:00:00+00:00,site_002,0.0,26.42,107.48,10.0,0.0,0.0,81.06,0.0
2026-01-12T22:00:00+00:00,site_002,0.0,31.6,61.5,10.0,0.0,0.0,29.9,0.0
2026-01-12T23:00:00+00:00,site_002,0.0,31.67,61.28,10.0,0.0,0.0,29.61,0.0
2026-01-13T00:00:00+00:00,site_002,0.0,41.57,58.01,10.0,0.0,0.0,16.44,0.0
2026-01-13T01:00:00+00:00,site_002,0.0,36.53,58.66,10.0,0.0,0.0,22.13,0.0
2026-01-13T02:00:00+00:00,site_002,0.0,30.01,61.4,10.0,0.0,0.0,31.39,0.0
2026-01-13T03:00:00+00:00,site_002,0.0,23.29,61.48,10.0,0.0,0.0,38.19,0.0
2026-01-13T04:00:00+00:00,site_002,0.0,36.34,62.94,10.0,0.0,0.0,26.6,0.0
2026-01-13T05:00:00+00:00,site_002,0.0,24.83,58.66,10.0,0.0,0.0,33.83,0.0
2026-01-13T06:00:00+00:00,site_002,0.0,20.16,61.65,10.0,0.0,0.0,41.49,0.0
2026-01-13T07:00:00+00:00,site_002,24.09,14.88,97.4,10.0,0.0,0.0,58.43,0.0
2026-01-13T08:00:00+00:00,site_002,47.06,20.47,96.77,10.0,0.0,0.0,29.24,0.0
2026-01-13T09:00:00+00:00,site_002,66.46,21.75,93.71,10.0,0.0,0.0,5.5,0.0
2026-01-13T10:00:00+00:00,site_002,91.73,0.0,81.25,15.2,10.48,0.0,0.0,0.0
2026-01-13T11:00:00+00:00,site_002,99.69,12.46,81.14,30.7,31.01,0.0,0.0,0.0
2026-01-13T12:00:00+00:00,site_002,94.54,5.73,81.43,40.1,18.84,0.0,0.0,0.0
2026-01-13T13:00:00+00:00,site_002,111.85,0.0,78.5,56.8,33.35,0.0,0.0,0.0
2026-01-13T14:00:00+00:00,site_002,97.49,11.3,79.92,71.2,28.87,0.0,0.0,0.0
2026-01-13T15:00:00+00:00,site_002,84.07,8.18,78.7,78.0,13.55,0.0,0.0,0.0
2026-01-13T16:00:00+00:00,site_002,49.15,6.68,80.77,65.5,0.0,24.94,0.0,0.0
2026-01-13T17:00:00+00:00,site_002,27.95,20.77,109.39,45.5,0.0,40.0,20.67,0.0
2026-01-13T18:00:00+00:00,site_002,0.0,29.46,108.79,25.5,0.0,40.0,39.33,0.0
2026-01-13T19:00:00+00:00,site_002,0.0,22.42,108.09,10.0,0.0,31.0,54.67,0.0
2026-01-13T20:00:00+00:00,site_002,0.0,30.19,109.24,10.0,0.0,0.0,79.05,0.0
2026-01-13T21:00:00+00:00,site_002,0.0,29.02,105.77,10.0,0.0,0.0,76.75,0.0
2026-01-13T22:00:00+00:00,site_002,0.0,43.45,62.77,10.0,0.0,0.0,19.32,0.0
2026-01-13T23:00:00+00:00,site_002,0.0,36.89,58.56,10.0,0.0,0.0,21.67,0.0
2026-01-14T00:00:00+00:00,site_002,0.0,37.49,60.97,10.0,0.0,0.0,23.48,0.0
2026-01-14T01:00:00+00:00,site_002,0.0,37.55,62.89,10.0,0.0,0.0,25.34,0.0
2026-01-14T02:00:00+00:00,site_002,0.0,45.23,62.67,10.0,0.0,0.0,17.44,0.0
2026-01-14T03:00:00+00:00,site_002,0.0,25.75,62.3,10.0,0.0,0.0,36.55,0.0
2026-01-14T04:00:00+00:00,site_002,0.0,31.37,59.83,10.0,0.0,0.0,28.46,0.0
2026-01-14T05:00:00+00:00,site_002,0.0,30.04,61.81,10.0,0.0,0.0,31.77,0.0
2026-01-14T06:00:00+00:00,site_002,0.0,27.91,58.08,10.0,0.0,0.0,30.17,0.0
2026-01-14T07:00:00+00:00,site_002,23.82,13.86,93.2,10.0,0.0,0.0,55.52,0.0
2026-01-14T08:00:00+00:00,site_002,45.91,20.79,95.53,10.0,0.0,0.0,28.83,0.0
2026-01-14T09:00:00+00:00,site_002,76.97,11.91,95.08,10.0,0.0,0.0,6.2,0.0
2026-01-14T10:00:00+00:00,site_002,96.18,1.16,80.68,18.3,16.66,0.0,0.0,0.0
2026-01-14T11:00:00+00:00,site_002,104.78,3.56,79.55,32.7,28.79,0.0,0.0,0.0
2026-01-14T12:00:00+00:00,site_002,105.34,1.56,82.04,45.1,24.86,0.0,0.0,0.0
2026-01-14T13:00:00+00:00,site_002,102.48,5.83,81.17,58.7,27.14,0.0,0.0,0.0
2026-01-14T14:00:00+00:00,site_002,99.62,13.13,78.33,75.9,34.42,0.0,0.0,0.0
2026-01-14T15:00:00+00:00,site_002,78.46,16.49,82.23,82.3,12.72,0.0,0.0,0.0
2026-01-14T16:00:00+00:00,site_002,45.87,6.72,80.17,68.5,0.0,27.58,0.0,0.0
2026-01-14T17:00:00+00:00,site_002,26.81,20.79,107.05,48.5,0.0,40.0,19.45,0.0
2026-01-14T18:00:00+00:00,site_002,0.0,27.31,106.1,28.5,0.0,40.0,38.79,0.0
2026-01-14T19:00:00+00:00,site_002,0.0,30.54,109.01,10.0,0.0,37.0,41.47,0.0
2026-01-14T20:00:00+00:00,site_002,0.0,23.28,110.27,10.0,0.0,0.0,86.99,0.0
2026-01-14T21:00:00+00:00,site_002,0.0,33.57,109.41,10.0,0.0,0.0,75.84,0.0
2026-01-14T22:00:00+00:00,site_002,0.0,39.91,58.83,10.0,0.0,0.0,18.92,0.0
2026-01-14T23:00:00+00:00,site_002,0.0,29.53,61.91,10.0,0.0,0.0,32.38,0.0
2026-01-15T00:00:00+00:00,site_002,0.0,32.88,62.43,10.0,0.0,0.0,29.55,0.0
2026-01-15T01:00:00+00:00,site_002,0.0,42.42,58.15,10.0,0.0,0.0,15.73,0.0
2026-01-15T02:00:00+00:00,site_002,0.0,41.63,59.36,10.0,0.0,0.0,17.73,0.0
2026-01-15T03:00:00+00:00,site_002,0.0,24.38,61.56,10.0,0.0,0.0,37.18,0.0
2026-01-15T04:00:00+00:00,site_002,0.0,31.53,58.39,10.0,0.0,0.0,26.86,0.0
2026-01-15T05:00:00+00:00,site_002,0.0,25.49,59.8,10.0,0.0,0.0,34.31,0.0
2026-01-15T06:00:00+00:00,site_002,0.0,23.84,59.84,10.0,0.0,0.0,36.0,0.0
2026-01-15T07:00:00+00:00,site_002,25.27,10.68,95.87,10.0,0.0,0.0,59.92,0.0
2026-01-15T08:00:00+00:00,site_002,55.84,9.57,95.54,10.0,0.0,0.0,30.13,0.0
2026-01-15T09:00:00+00:00,site_002,64.57,19.15,94.22,10.0,0.0,0.0,10.5,0.0
2026-01-15T10:00:00+00:00,site_002,90.2,7.17,78.75,19.3,18.62,0.0,0.0,0.0
2026-01-15T11:00:00+00:00,site_002,113.92,15.16,80.76,39.3,40.0,0.0,0.0,8.32
2026-01-15T12:00:00+00:00,site_002,117.42,12.31,80.1,59.3,40.0,0.0,0.0,9.63
2026-01-15T13:00:00+00:00,site_002,96.26,6.34,81.6,69.8,21.0,0.0,0.0,0.0
2026-01-15T14:00:00+00:00,site_002,84.99,1.07,79.86,72.9,6.2,0.0,0.0,0.0
2026-01-15T15:00:00+00:00,site_002,74.29,19.93,78.9,80.6,15.32,0.0,0.0,0.0
2026-01-15T16:00:00+00:00,site_002,57.07,24.63,82.77,80.1,0.0,1.07,0.0,0.0
2026-01-15T17:00:00+00:00,site_002,23.83,17.92,106.91,60.1,0.0,40.0,25.16,0.0
2026-01-15T18:00:00+00:00,site_002,0.0,19.05,108.27,40.1,0.0,40.0,49.22,0.0
2026-01-15T19:00:00+00:00,site_002,0.0,16.54,106.5,20.1,0.0,40.0,49.96,0.0
2026-01-15T20:00:00+00:00,site_002,0.0,31.28,107.02,10.0,0.0,20.2,55.54,0.0
2026-01-15T21:00:00+00:00,site_002,0.0,35.56,107.82,10.0,0.0,0.0,72.26,0.0
2026-01-15T22:00:00+00:00,site_002,0.0,37.32,60.47,10.0,0.0,0.0,23.15,0.0
2026-01-15T23:00:00+00:00,site_002,0.0,42.44,58.98,10.0,0.0,0.0,16.54,0.0
2026-01-16T00:00:00+00:00,site_002,0.0,45.51,61.8,10.0,0.0,0.0,16.29,0.0
2026-01-16T01:00:00+00:00,site_002,0.0,31.89,58.03,10.0,0.0,0.0,26.14,0.0
2026-01-16T02:00:00+00:00,site_002,0.0,33.69,59.16,10.0,0.0,0.0,25.47,0.0
2026-01-16T03:00:00+00:00,site_002,0.0,30.04,62.2,10.0,0.0,0.0,32.16,0.0
2026-01-16T04:00:00+00:00,site_002,0.0,37.54,62.75,10.0,0.0,0.0,25.21,0.0
2026-01-16T05:00:00+00:00,site_002,0.0,16.41,61.29,10.0,0.0,0.0,44.88,0.0
2026-01-16T06:00:00+00:00,site_002,0.0,27.04,58.52,10.0,0.0,0.0,31.48,0.0
2026-01-16T07:00:00+00:00,site_002,27.41,13.38,95.46,10.0,0.0,0.0,54.67,0.0
2026-01-16T08:00:00+00:00,site_002,45.9,24.94,96.56,10.0,0.0,0.0,25.72,0.0
2026-01-16T09:00:00+00:00,site_002,65.61,20.32,97.49,10.0,0.0,0.0,11.56,0.0
2026-01-16T10:00:00+00:00,site_002,91.45,13.53,79.86,22.6,25.12,0.0,0.0,0.0
2026-01-16T11:00:00+00:00,site_002,115.17,0.0,78.48,40.9,36.69,0.0,0.0,0.0
2026-01-16T12:00:00+00:00,site_002,94.01,13.9,78.37,55.7,29.54,0.0,0.0,0.0
2026-01-16T13:00:00+00:00,site_002,103.39,6.71,82.82,69.3,27.28,0.0,0.0,0.0
2026-01-16T14:00:00+00:00,site_002,84.09,4.73,79.58,73.9,9.24,0.0,0.0,0.0
2026-01-16T15:00:00+00:00,site_002,80.63,15.91,81.68,81.3,14.86,0.0,0.0,0.0
2026-01-16T16:00:00+00:00,site_002,49.77,10.44,78.37,72.2,0.0,18.16,0.0,0.0
2026-01-16T17:00:00+00:00,site_002,24.87,24.22,108.42,52.2,0.0,40.0,19.33,0.0
2026-01-16T18:00:00+00:00,site_002,0.0,15.79,107.83,32.2,0.0,40.0,52.04,0.0
2026-01-16T19:00:00+00:00,site_002,0.0,24.51,108.18,12.2,0.0,40.0,43.67,0.0
2026-01-16T20:00:00+00:00,site_002,0.0,39.29,106.54,10.0,0.0,4.4,62.85,0.0
2026-01-16T21:00:00+00:00,site_002,0.0,29.27,106.83,10.0,0.0,0.0,77.56,0.0
2026-01-16T22:00:00+00:00,site_002,0.0,27.89,58.79,10.0,0.0,0.0,30.9,0.0
2026-01-16T23:00:00+00:00,site_002,0.0,40.71,62.13,10.0,0.0,0.0,21.42,0.0
2026-01-17T00:00:00+00:00,site_002,0.0,41.44,49.2,10.0,0.0,0.0,7.76,0.0
2026-01-17T01:00:00+00:00,site_002,0.0,43.71,50.64,10.0,0.0,0.0,6.93,0.0
2026-01-17T02:00:00+00:00,site_002,0.0,27.31,50.24,10.0,0.0,0.0,22.93,0.0
2026-01-17T03:00:00+00:00,site_002,0.0,30.22,51.57,10.0,0.0,0.0,21.35,0.0
2026-01-17T04:00:00+00:00,site_002,0.0,33.54,50.3,10.0,0.0,0.0,16.76,0.0
2026-01-17T05:00:00+00:00,site_002,0.0,36.2,49.16,10.0,0.0,0.0,12.96,0.0
2026-01-17T06:00:00+00:00,site_002,0.0,21.54,52.74,10.0,0.0,0.0,31.2,0.0
2026-01-17T07:00:00+00:00,site_002,25.23,17.86,75.77,10.0,0.0,0.0,32.68,0.0
2026-01-17T08:00:00+00:00,site_002,47.1,5.24,75.9,10.0,0.0,0.0,23.56,0.0
2026-01-17T09:00:00+00:00,site_002,84.48,4.51,75.87,16.6,13.12,0.0,0.0,0.0
2026-01-17T10:00:00+00:00,site_002,87.61,12.12,65.22,33.9,34.51,0.0,0.0,0.0
2026-01-17T11:00:00+00:00,site_002,103.81,3.19,66.06,53.9,40.0,0.0,0.0,0.94
2026-01-17T12:00:00+00:00,site_002,90.65,0.0,66.51,66.0,24.14,0.0,0.0,0.0
2026-01-17T13:00:00+00:00,site_002,99.78,0.59,66.53,82.9,33.84,0.0,0.0,0.0
2026-01-17T14:00:00+00:00,site_002,99.49,6.14,62.21,100.0,34.2,0.0,0.0,9.22
2026-01-17T15:00:00+00:00,site_002,73.42,5.25,64.87,100.0,0.0,0.0,0.0,13.8
2026-01-17T16:00:00+00:00,site_002,57.33,12.9,62.15,100.0,0.0,0.0,0.0,8.08
2026-01-17T17:00:00+00:00,site_002,28.6,12.07,80.95,80.0,0.0,40.0,0.28,0.0
2026-01-17T18:00:00+00:00,site_002,0.0,18.1,84.29,60.0,0.0,40.0,26.19,0.0
2026-01-17T19:00:00+00:00,site_002,0.0,17.08,82.97,40.0,0.0,40.0,25.89,0.0
2026-01-17T20:00:00+00:00,site_002,0.0,24.92,81.35,20.0,0.0,40.0,16.43,0.0
2026-01-17T21:00:00+00:00,site_002,0.0,31.35,82.63,10.0,0.0,20.0,31.28,0.0
2026-01-17T22:00:00+00:00,site_002,0.0,26.71,50.4,10.0,0.0,0.0,23.69,0.0
2026-01-17T23:00:00+00:00,site_002,0.0,29.73,50.0,10.0,0.0,0.0,20.27,0.0
2026-01-18T00:00:00+00:00,site_002,0.0,45.19,51.63,10.0,0.0,0.0,6.44,0.0
2026-01-18T01:00:00+00:00,site_002,0.0,39.6,53.01,10.0,0.0,0.0,13.41,0.0
2026-01-18T02:00:00+00:00,site_002,0.0,41.39,53.95,10.0,0.0,0.0,12.56,0.0
2026-01-18T03:00:00+00:00,site_002,0.0,38.74,50.8,10.0,0.0,0.0,12.06,0.0
2026-01-18T04:00:00+00:00,site_002,0.0,30.89,51.42,10.0,0.0,0.0,20.53,0.0
2026-01-18T05:00:00+00:00,site_002,0.0,34.64,51.51,10.0,0.0,0.0,16.87,0.0
2026-01-18T06:00:00+00:00,site_002,0.0,16.1,50.59,10.0,0.0,0.0,34.49,0.0
2026-01-18T07:00:00+00:00,site_002,24.99,26.53,75.64,10.0,0.0,0.0,24.12,0.0
2026-01-18T08:00:00+00:00,site_002,45.88,24.83,74.4,10.0,0.0,0.0,3.69,0.0
2026-01-18T09:00:00+00:00,site_002,79.91,21.89,76.62,22.6,25.18,0.0,0.0,0.0
2026-01-18T10:00:00+00:00,site_002,80.54,12.65,63.33,37.5,29.86,0.0,0.0,0.0
2026-01-18T11:00:00+00:00,site_002,110.59,16.36,62.28,57.5,40.0,0.0,0.0,24.67
2026-01-18T12:00:00+00:00,site_002,119.89,1.89,66.23,77.5,40.0,0.0,0.0,15.55
2026-01-18T13:00:00+00:00,site_002,110.04,5.11,66.2,97.5,40.0,0.0,0.0,8.95
2026-01-18T14:00:00+00:00,site_002,99.9,3.03,64.96,100.0,5.0,0.0,0.0,32.97
2026-01-18T15:00:00+00:00,site_002,80.74,15.85,66.57,100.0,0.0,0.0,0.0,30.02
2026-01-18T16:00:00+00:00,site_002,45.42,19.01,66.74,98.8,0.0,2.31,0.0,0.0
2026-01-18T17:00:00+00:00,site_002,27.67,19.88,80.82,82.2,0.0,33.27,0.0,0.0
2026-01-18T18:00:00+00:00,site_002,0.0,30.13,82.34,62.2,0.0,40.0,12.21,0.0
2026-01-18T19:00:00+00:00,site_002,0.0,22.56,82.33,42.2,0.0,40.0,19.77,0.0
2026-01-18T20:00:00+00:00,site_002,0.0,21.81,81.04,22.2,0.0,40.0,19.23,0.0
2026-01-18T21:00:00+00:00,site_002,0.0,27.48,82.51,10.0,0.0,24.4,30.63,0.0
2026-01-18T22:00:00+00:00,site_002,0.0,25.5,53.59,10.0,0.0,0.0,28.09,0.0
2026-01-18T23:00:00+00:00,site_002,0.0,31.02,49.65,10.0,0.0,0.0,18.63,0.0
2026-01-19T00:00:00+00:00,site_002,0.0,41.84,62.59,10.0,0.0,0.0,20.75,0.0
2026-01-19T01:00:00+00:00,site_002,0.0,43.87,59.62,10.0,0.0,0.0,15.75,0.0
2026-01-19T02:00:00+00:00,site_002,0.0,25.93,60.93,10.0,0.0,0.0,35.0,0.0
2026-01-19T03:00:00+00:00,site_002,0.0,41.45,61.87,10.0,0.0,0.0,20.42,0.0
2026-01-19T04:00:00+00:00,site_002,0.0,36.93,62.3,10.0,0.0,0.0,25.37,0.0
2026-01-19T05:00:00+00:00,site_002,0.0,35.59,59.87,10.0,0.0,0.0,24.28,0.0
2026-01-19T06:00:00+00:00,site_002,0.0,20.41,58.51,10.0,0.0,0.0,38.1,0.0
2026-01-19T07:00:00+00:00,site_002,25.64,11.35,93.79,10.0,0.0,0.0,56.8,0.0
2026-01-19T08:00:00+00:00,site_002,59.23,20.84,97.8,10.0,0.0,0.0,17.73,0.0
2026-01-19T09:00:00+00:00,site_002,77.41,5.38,97.84,10.0,0.0,0.0,15.05,0.0
2026-01-19T10:00:00+00:00,site_002,95.96,18.09,81.93,26.1,32.12,0.0,0.0,0.0
2026-01-19T11:00:00+00:00,site_002,93.4,9.79,78.88,38.3,24.31,0.0,0.0,0.0
2026-01-19T12:00:00+00:00,site_002,99.2,11.27,78.64,54.2,31.83,0.0,0.0,0.0
2026-01-19T13:00:00+00:00,site_002,108.05,16.99,82.74,74.2,40.0,0.0,0.0,2.3
2026-01-19T14:00:00+00:00,site_002,88.12,19.4,82.83,86.5,24.69,0.0,0.0,0.0
2026-01-19T15:00:00+00:00,site_002,64.33,13.94,82.61,84.3,0.0,4.34,0.0,0.0
2026-01-19T16:00:00+00:00,site_002,59.51,9.42,80.83,78.3,0.0,11.9,0.0,0.0
2026-01-19T17:00:00+00:00,site_002,30.57,11.43,109.23,58.3,0.0,40.0,27.23,0.0
2026-01-19T18:00:00+00:00,site_002,0.0,32.15,106.34,38.3,0.0,40.0,34.19,0.0
2026-01-19T19:00:00+00:00,site_002,0.0,34.09,105.94,18.3,0.0,40.0,31.85,0.0
2026-01-19T20:00:00+00:00,site_002,0.0,34.18,108.7,10.0,0.0,16.6,57.92,0.0
2026-01-19T21:00:00+00:00,site_002,0.0,40.84,107.73,10.0,0.0,0.0,66.89,0.0
2026-01-19T22:00:00+00:00,site_002,0.0,30.79,59.25,10.0,0.0,0.0,28.46,0.0
2026-01-19T23:00:00+00:00,site_002,0.0,28.34,59.28,10.0,0.0,0.0,30.94,0.0
2026-01-20T00:00:00+00:00,site_002,0.0,29.66,58.01,10.0,0.0,0.0,28.35,0.0
2026-01-20T01:00:00+00:00,site_002,0.0,34.71,61.66,10.0,0.0,0.0,26.95,0.0
2026-01-20T02:00:00+00:00,site_002,0.0,44.87,62.42,10.0,0.0,0.0,17.55,0.0
2026-01-20T03:00:00+00:00,site_002,0.0,32.97,59.89,10.0,0.0,0.0,26.92,0.0
2026-01-20T04:00:00+00:00,site_002,0.0,30.92,58.51,10.0,0.0,0.0,27.59,0.0
2026-01-20T05:00:00+00:00,site_002,0.0,25.97,62.32,10.0,0.0,0.0,36.35,0.0
2026-01-20T06:00:00+00:00,site_002,0.0,26.24,58.81,10.0,0.0,0.0,32.57,0.0
2026-01-20T07:00:00+00:00,site_002,23.87,25.53,94.47,10.0,0.0,0.0,45.07,0.0
2026-01-20T08:00:00+00:00,site_002,49.78,24.03,93.37,10.0,0.0,0.0,19.56,0.0
2026-01-20T09:00:00+00:00,site_002,67.25,9.4,96.66,10.0,0.0,0.0,20.01,0.0
2026-01-20T10:00:00+00:00,site_002,92.15,17.47,78.47,25.6,31.15,0.0,0.0,0.0
2026-01-20T11:00:00+00:00,site_002,104.15,10.28,80.41,42.6,34.02,0.0,0.0,0.0
2026-01-20T12:00:00+00:00,site_002,90.93,16.35,78.82,56.8,28.46,0.0,0.0,0.0
2026-01-20T13:00:00+00:00,site_002,112.72,1.15,78.51,74.5,35.36,0.0,0.0,0.0
2026-01-20T14:00:00+00:00,site_002,83.28,3.31,81.49,77.0,5.1,0.0,0.0,0.0
2026-01-20T15:00:00+00:00,site_002,78.96,16.49,79.33,85.1,16.12,0.0,0.0,0.0
2026-01-20T16:00:00+00:00,site_002,49.22,9.75,78.25,75.5,0.0,19.28,0.0,0.0
2026-01-20T17:00:00+00:00,site_002,27.73,25.41,106.27,55.5,0.0,40.0,13.13,0.0
2026-01-20T18:00:00+00:00,site_002,0.0,21.05,106.97,35.5,0.0,40.0,45.92,0.0
2026-01-20T19:00:00+00:00,site_002,0.0,29.62,108.5,15.5,0.0,40.0,38.88,0.0
2026-01-20T20:00:00+00:00,site_002,0.0,23.99,105.63,10.0,0.0,11.0,70.64,0.0
2026-01-20T21:00:00+00:00,site_002,0.0,26.52,106.96,10.0,0.0,0.0,80.44,0.0
2026-01-20T22:00:00+00:00,site_002,0.0,27.13,62.22,10.0,0.0,0.0,35.09,0.0
2026-01-20T23:00:00+00:00,site_002,0.0,33.16,59.99,10.0,0.0,0.0,26.83,0.0
2026-01-21T00:00:00+00:00,site_002,0.0,37.28,61.31,10.0,0.0,0.0,24.03,0.0
2026-01-21T01:00:00+00:00,site_002,0.0,28.81,60.72,10.0,0.0,0.0,31.91,0.0
2026-01-21T02:00:00+00:00,site_002,0.0,29.19,62.43,10.0,0.0,0.0,33.24,0.0
2026-01-21T03:00:00+00:00,site_002,0.0,30.49,60.23,10.0,0.0,0.0,29.74,0.0
2026-01-21T04:00:00+00:00,site_002,0.0,25.27,60.33,10.0,0.0,0.0,35.06,0.0
2026-01-21T05:00:00+00:00,site_002,0.0,20.91,59.34,10.0,0.0,0.0,38.43,0.0
2026-01-21T06:00:00+00:00,site_002,0.0,27.54,61.34,10.0,0.0,0.0,33.8,0.0
2026-01-21T07:00:00+00:00,site_002,23.96,15.49,95.71,10.0,0.0,0.0,56.26,0.0
2026-01-21T08:00:00+00:00,site_002,59.56,16.79,95.77,10.0,0.0,0.0,19.42,0.0
2026-01-21T09:00:00+00:00,site_002,81.48,18.26,95.09,12.3,4.65,0.0,0.0,0.0
2026-01-21T10:00:00+00:00,site_002,91.86,16.85,80.37,26.5,28.34,0.0,0.0,0.0
2026-01-21T11:00:00+00:00,site_002,112.48,7.54,78.39,46.5,40.0,0.0,0.0,1.63
2026-01-21T12:00:00+00:00,site_002,117.08,11.79,80.51,66.5,40.0,0.0,0.0,8.36
2026-01-21T13:00:00+00:00,site_002,113.03,14.02,81.39,86.5,40.0,0.0,0.0,5.66
2026-01-21T14:00:00+00:00,site_002,94.06,1.92,81.79,93.6,14.19,0.0,0.0,0.0
2026-01-21T15:00:00+00:00,site_002,67.31,21.58,82.86,96.6,6.03,0.0,0.0,0.0
2026-01-21T16:00:00+00:00,site_002,57.13,7.52,80.12,88.9,0.0,15.47,0.0,0.0
2026-01-21T17:00:00+00:00,site_002,30.97,17.33,110.49,68.9,0.0,40.0,22.19,0.0
2026-01-21T18:00:00+00:00,site_002,0.0,29.18,106.79,48.9,0.0,40.0,37.61,0.0
2026-01-21T19:00:00+00:00,site_002,0.0,34.6,110.07,28.9,0.0,40.0,35.47,0.0
2026-01-21T20:00:00+00:00,site_002,0.0,21.34,107.44,10.0,0.0,37.8,48.3,0.0
2026-01-21T21:00:00+00:00,site_002,0.0,31.05,107.13,10.0,0.0,0.0,76.08,0.0
2026-01-21T22:00:00+00:00,site_002,0.0,31.01,60.29,10.0,0.0,0.0,29.28,0.0
2026-01-21T23:00:00+00:00,site_002,0.0,44.46,61.93,10.0,0.0,0.0,17.47,0.0
2026-01-22T00:00:00+00:00,site_002,0.0,39.96,60.61,10.0,0.0,0.0,20.65,0.0
2026-01-22T01:00:00+00:00,site_002,0.0,35.38,60.07,10.0,0.0,0.0,24.69,0.0
2026-01-22T02:00:00+00:00,site_002,0.0,28.45,60.94,10.0,0.0,0.0,32.49,0.0
2026-01-22T03:00:00+00:00,site_002,0.0,38.27,62.7,10.0,0.0,0.0,24.43,0.0
2026-01-22T04:00:00+00:00,site_002,0.0,38.5,60.81,10.0,0.0,0.0,22.31,0.0
2026-01-22T05:00:00+00:00,site_002,0.0,18.4,59.43,10.0,0.0,0.0,41.03,0.0
2026-01-22T06:00:00+00:00,site_002,0.0,19.38,60.05,10.0,0.0,0.0,40.67,0.0
2026-01-22T07:00:00+00:00,site_002,26.27,18.33,96.04,10.0,0.0,0.0,51.44,0.0
2026-01-22T08:00:00+00:00,site_002,45.56,10.51,93.72,10.0,0.0,0.0,37.65,0.0
2026-01-22T09:00:00+00:00,site_002,76.55,15.77,93.19,10.0,0.0,0.0,0.87,0.0
2026-01-22T10:00:00+00:00,site_002,101.05,6.14,79.19,24.0,28.0,0.0,0.0,0.0
2026-01-22T11:00:00+00:00,site_002,108.54,16.43,82.49,44.0,40.0,0.0,0.0,2.48
2026-01-22T12:00:00+00:00,site_002,90.61,13.85,79.52,56.5,24.94,0.0,0.0,0.0
2026-01-22T13:00:00+00:00,site_002,95.06,7.84,81.48,67.2,21.42,0.0,0.0,0.0
2026-01-22T14:00:00+00:00,site_002,80.49,16.89,78.67,76.6,18.71,0.0,0.0,0.0
2026-01-22T15:00:00+00:00,site_002,84.31,10.76,82.13,83.1,12.94,0.0,0.0,0.0
2026-01-22T16:00:00+00:00,site_002,49.04,13.34,81.23,73.7,0.0,18.85,0.0,0.0
2026-01-22T17:00:00+00:00,site_002,24.75,12.85,109.62,53.7,0.0,40.0,32.02,0.0
2026-01-22T18:00:00+00:00,site_002,0.0,27.69,109.84,33.7,0.0,40.0,42.15,0.0
2026-01-22T19:00:00+00:00,site_002,0.0,32.8,108.08,13.7,0.0,40.0,35.28,0.0
2026-01-22T20:00:00+00:00,site_002,0.0,23.18,107.06,10.0,0.0,7.4,76.48,0.0
2026-01-22T21:00:00+00:00,site_002,0.0,33.24,106.18,10.0,0.0,0.0,72.94,0.0
2026-01-22T22:00:00+00:00,site_002,0.0,42.52,62.4,10.0,0.0,0.0,19.88,0.0
2026-01-22T23:00:00+00:00,site_002,0.0,27.57,58.96,10.0,0.0,0.0,31.39,0.0
2026-01-23T00:00:00+00:00,site_002,0.0,44.16,62.18,10.0,0.0,0.0,18.02,0.0
2026-01-23T01:00:00+00:00,site_002,0.0,31.98,60.28,10.0,0.0,0.0,28.3,0.0
2026-01-23T02:00:00+00:00,site_002,0.0,43.85,61.52,10.0,0.0,0.0,17.67,0.0
2026-01-23T03:00:00+00:00,site_002,0.0,28.59,62.12,10.0,0.0,0.0,33.53,0.0
2026-01-23T04:00:00+00:00,site_002,0.0,30.1,61.18,10.0,0.0,0.0,31.08,0.0
2026-01-23T05:00:00+00:00,site_002,0.0,18.86,58.15,10.0,0.0,0.0,39.29,0.0
2026-01-23T06:00:00+00:00,site_002,0.0,24.38,58.89,10.0,0.0,0.0,34.51,0.0
2026-01-23T07:00:00+00:00,site_002,30.05,20.36,94.75,10.0,0.0,0.0,44.34,0.0
2026-01-23T08:00:00+00:00,site_002,47.45,22.89,96.74,10.0,0.0,0.0,26.4,0.0
2026-01-23T09:00:00+00:00,site_002,78.25,7.59,94.93,10.0,0.0,0.0,9.09,0.0
2026-01-23T10:00:00+00:00,site_002,82.17,10.95,82.82,15.2,10.3,0.0,0.0,0.0
2026-01-23T11:00:00+00:00,site_002,111.77,10.96,81.39,35.2,40.0,0.0,0.0,1.34
2026-01-23T12:00:00+00:00,site_002,98.07,5.69,78.1,48.0,25.66,0.0,0.0,0.0
2026-01-23T13:00:00+00:00,site_002,109.54,13.36,78.04,68.0,40.0,0.0,0.0,4.86
2026-01-23T14:00:00+00:00,site_002,101.62,12.46,81.01,84.5,33.07,0.0,0.0,0.0
2026-01-23T15:00:00+00:00,site_002,63.82,6.94,82.03,78.9,0.0,11.27,0.0,0.0
2026-01-23T16:00:00+00:00,site_002,49.58,24.34,81.21,75.3,0.0,7.29,0.0,0.0
2026-01-23T17:00:00+00:00,site_002,26.58,16.15,107.24,55.3,0.0,40.0,24.51,0.0
2026-01-23T18:00:00+00:00,site_002,0.0,21.83,108.89,35.3,0.0,40.0,47.06,0.0
2026-01-23T19:00:00+00:00,site_002,0.0,32.87,107.49,15.3,0.0,40.0,34.62,0.0
2026-01-23T20:00:00+00:00,site_002,0.0,22.05,108.06,10.0,0.0,10.6,75.41,0.0
2026-01-23T21:00:00+00:00,site_002,0.0,36.35,109.72,10.0,0.0,0.0,73.37,0.0
2026-01-23T22:00:00+00:00,site_002,0.0,32.97,61.24,10.0,0.0,0.0,28.27,0.0
2026-01-23T23:00:00+00:00,site_002,0.0,39.17,59.49,10.0,0.0,0.0,20.32,0.0
2026-01-24T00:00:00+00:00,site_002,0.0,29.66,49.32,10.0,0.0,0.0,19.66,0.0
2026-01-24T01:00:00+00:00,site_002,0.0,46.76,52.2,10.0,0.0,0.0,5.44,0.0
2026-01-24T02:00:00+00:00,site_002,0.0,42.72,50.31,10.0,0.0,0.0,7.59,0.0
2026-01-24T03:00:00+00:00,site_002,0.0,37.33,53.46,10.0,0.0,0.0,16.13,0.0
2026-01-24T04:00:00+00:00,site_002,0.0,25.98,49.75,10.0,0.0,0.0,23.77,0.0
2026-01-24T05:00:00+00:00,site_002,0.0,31.69,53.5,10.0,0.0,0.0,21.81,0.0
2026-01-24T06:00:00+00:00,site_002,0.0,28.55,52.0,10.0,0.0,0.0,23.45,0.0
2026-01-24T07:00:00+00:00,site_002,28.42,22.23,75.36,10.0,0.0,0.0,24.71,0.0
2026-01-24T08:00:00+00:00,site_002,54.83,24.95,73.05,13.4,6.73,0.0,0.0,0.0
2026-01-24T09:00:00+00:00,site_002,72.52,9.66,71.93,18.5,10.25,0.0,0.0,0.0
2026-01-24T10:00:00+00:00,site_002,96.34,10.95,62.95,38.5,40.0,0.0,0.0,4.34
2026-01-24T11:00:00+00:00,site_002,107.99,2.46,64.67,58.5,40.0,0.0,0.0,5.78
2026-01-24T12:00:00+00:00,site_002,113.55,15.63,65.36,78.5,40.0,0.0,0.0,23.82
2026-01-24T13:00:00+00:00,site_002,101.63,14.92,66.2,98.5,40.0,0.0,0.0,10.35
2026-01-24T14:00:00+00:00,site_002,100.71,3.13,62.49,100.0,3.0,0.0,0.0,38.35
2026-01-24T15:00:00+00:00,site_002,66.35,7.07,66.04,100.0,0.0,0.0,0.0,7.38
2026-01-24T16:00:00+00:00,site_002,56.44,8.66,65.4,99.8,0.0,0.3,0.0,0.0
2026-01-24T17:00:00+00:00,site_002,25.9,10.4,81.65,79.8,0.0,40.0,5.35,0.0
2026-01-24T18:00:00+00:00,site_002,0.0,18.64,83.82,59.8,0.0,40.0,25.18,0.0
2026-01-24T19:00:00+00:00,site_002,0.0,23.01,81.18,39.8,0.0,40.0,18.17,0.0
2026-01-24T20:00:00+00:00,site_002,0.0,25.88,84.13,19.8,0.0,40.0,18.25,0.0
2026-01-24T21:00:00+00:00,site_002,0.0,32.52,84.21,10.0,0.0,19.6,32.09,0.0
2026-01-24T22:00:00+00:00,site_002,0.0,37.16,53.72,10.0,0.0,0.0,16.56,0.0
2026-01-24T23:00:00+00:00,site_002,0.0,28.41,53.45,10.0,0.0,0.0,25.04,0.0
2026-01-25T00:00:00+00:00,site_002,0.0,37.51,53.34,10.0,0.0,0.0,15.83,0.0
2026-01-25T01:00:00+00:00,site_002,0.0,34.62,50.49,10.0,0.0,0.0,15.87,0.0
2026-01-25T02:00:00+00:00,site_002,0.0,26.57,53.27,10.0,0.0,0.0,26.7,0.0
2026-01-25T03:00:00+00:00,site_002,0.0,25.85,50.0,10.0,0.0,0.0,24.15,0.0
2026-01-25T04:00:00+00:00,site_002,0.0,28.18,51.85,10.0,0.0,0.0,23.67,0.0
2026-01-25T05:00:00+00:00,site_002,0.0,34.51,51.29,10.0,0.0,0.0,16.78,0.0
2026-01-25T06:00:00+00:00,site_002,0.0,26.81,52.89,10.0,0.0,0.0,26.08,0.0
2026-01-25T07:00:00+00:00,site_002,27.08,21.24,72.63,10.0,0.0,0.0,24.31,0.0
2026-01-25T08:00:00+00:00,site_002,54.52,5.09,73.12,10.0,0.0,0.0,13.51,0.0
2026-01-25T09:00:00+00:00,site_002,79.79,5.27,75.57,14.7,9.49,0.0,0.0,0.0
2026-01-25T10:00:00+00:00,site_002,90.66,14.78,62.44,34.7,40.0,0.0,0.0,3.0
2026-01-25T11:00:00+00:00,site_002,104.74,10.68,64.02,54.7,40.0,0.0,0.0,11.4
2026-01-25T12:00:00+00:00,site_002,118.96,5.17,62.19,74.7,40.0,0.0,0.0,21.94
2026-01-25T13:00:00+00:00,site_002,92.71,5.47,62.07,92.8,36.11,0.0,0.0,0.0
2026-01-25T14:00:00+00:00,site_002,86.31,16.17,62.95,100.0,14.4,0.0,0.0,25.13
2026-01-25T15:00:00+00:00,site_002,78.0,14.43,63.24,100.0,0.0,0.0,0.0,29.19
2026-01-25T16:00:00+00:00,site_002,55.4,11.89,62.64,100.0,0.0,0.0,0.0,4.65
2026-01-25T17:00:00+00:00,site_002,26.27,20.39,80.71,83.0,0.0,34.05,0.0,0.0
2026-01-25T18:00:00+00:00,site_002,0.0,18.46,81.33,63.0,0.0,40.0,22.87,0.0
2026-01-25T19:00:00+00:00,site_002,0.0,30.94,82.86,43.0,0.0,40.0,11.92,0.0
2026-01-25T20:00:00+00:00,site_002,0.0,26.76,84.31,23.0,0.0,40.0,17.55,0.0
2026-01-25T21:00:00+00:00,site_002,0.0,43.02,81.59,10.0,0.0,26.0,12.57,0.0
2026-01-25T22:00:00+00:00,site_002,0.0,43.52,50.8,10.0,0.0,0.0,7.28,0.0
2026-01-25T23:00:00+00:00,site_002,0.0,30.76,53.74,10.0,0.0,0.0,22.98,0.0
2026-01-26T00:00:00+00:00,site_002,0.0,45.86,60.02,10.0,0.0,0.0,14.16,0.0
2026-01-26T01:00:00+00:00,site_002,0.0,31.56,61.64,10.0,0.0,0.0,30.08,0.0
2026-01-26T02:00:00+00:00,site_002,0.0,28.11,61.67,10.0,0.0,0.0,33.56,0.0
2026-01-26T03:00:00+00:00,site_002,0.0,34.9,58.84,10.0,0.0,0.0,23.94,0.0
2026-01-26T04:00:00+00:00,site_002,0.0,27.33,61.25,10.0,0.0,0.0,33.92,0.0
2026-01-26T05:00:00+00:00,site_002,0.0,17.13,62.38,10.0,0.0,0.0,45.25,0.0
2026-01-26T06:00:00+00:00,site_002,0.0,23.19,58.24,10.0,0.0,0.0,35.05,0.0
2026-01-26T07:00:00+00:00,site_002,31.02,21.86,96.27,10.0,0.0,0.0,43.39,0.0
2026-01-26T08:00:00+00:00,site_002,45.3,18.79,95.08,10.0,0.0,0.0,30.99,0.0
2026-01-26T09:00:00+00:00,site_002,71.71,12.84,95.37,10.0,0.0,0.0,10.82,0.0
2026-01-26T10:00:00+00:00,site_002,81.92,13.41,81.15,17.1,14.18,0.0,0.0,0.0
2026-01-26T11:00:00+00:00,site_002,95.66,11.24,81.31,29.9,25.59,0.0,0.0,0.0
2026-01-26T12:00:00+00:00,site_002,98.1,9.61,78.69,44.4,29.02,0.0,0.0,0.0
2026-01-26T13:00:00+00:00,site_002,111.0,0.11,81.59,59.2,29.52,0.0,0.0,0.0
2026-01-26T14:00:00+00:00,site_002,81.0,1.79,78.53,61.3,4.26,0.0,0.0,0.0
2026-01-26T15:00:00+00:00,site_002,67.85,5.89,79.31,58.5,0.0,5.57,0.0,0.0
2026-01-26T16:00:00+00:00,site_002,52.85,9.03,81.52,48.7,0.0,19.64,0.0,0.0
2026-01-26T17:00:00+00:00,site_002,25.59,9.41,107.98,28.7,0.0,40.0,32.98,0.0
2026-01-26T18:00:00+00:00,site_002,0.0,31.16,107.15,10.0,0.0,37.4,38.59,0.0
2026-01-26T19:00:00+00:00,site_002,0.0,16.44,108.86,10.0,0.0,0.0,92.42,0.0
2026-01-26T20:00:00+00:00,site_002,0.0,38.14,109.68,10.0,0.0,0.0,71.54,0.0
2026-01-26T21:00:00+00:00,site_002,0.0,36.49,106.25,10.0,0.0,0.0,69.76,0.0
2026-01-26T22:00:00+00:00,site_002,0.0,27.29,60.56,10.0,0.0,0.0,33.27,0.0
2026-01-26T23:00:00+00:00,site_002,0.0,41.46,58.51,10.0,0.0,0.0,17.05,0.0
2026-01-27T00:00:00+00:00,site_002,0.0,32.62,59.16,10.0,0.0,0.0,26.54,0.0
2026-01-27T01:00:00+00:00,site_002,0.0,46.76,59.48,10.0,0.0,0.0,12.72,0.0
2026-01-27T02:00:00+00:00,site_002,0.0,34.78,58.5,10.0,0.0,0.0,23.72,0.0
2026-01-27T03:00:00+00:00,site_002,0.0,26.6,58.2,10.0,0.0,0.0,31.6,0.0
2026-01-27T04:00:00+00:00,site_002,0.0,25.81,62.01,10.0,0.0,0.0,36.2,0.0
2026-01-27T05:00:00+00:00,site_002,0.0,22.64,61.69,10.0,0.0,0.0,39.05,0.0
2026-01-27T06:00:00+00:00,site_002,0.0,27.66,58.23,10.0,0.0,0.0,30.57,0.0
2026-01-27T07:00:00+00:00,site_002,29.91,21.88,93.85,10.0,0.0,0.0,42.06,0.0
2026-01-27T08:00:00+00:00,site_002,50.36,13.75,96.11,10.0,0.0,0.0,32.0,0.0
2026-01-27T09:00:00+00:00,site_002,82.27,3.75,97.07,10.0,0.0,0.0,11.05,0.0
2026-01-27T10:00:00+00:00,site_002,82.69,7.53,82.81,13.7,7.41,0.0,0.0,0.0
2026-01-27T11:00:00+00:00,site_002,94.81,5.73,82.25,22.8,18.29,0.0,0.0,0.0
2026-01-27T12:00:00+00:00,site_002,114.0,10.48,81.98,42.8,40.0,0.0,0.0,2.5
2026-01-27T13:00:00+00:00,site_002,90.21,11.93,78.29,54.7,23.85,0.0,0.0,0.0
2026-01-27T14:00:00+00:00,site_002,102.43,2.7,80.08,67.2,25.05,0.0,0.0,0.0
2026-01-27T15:00:00+00:00,site_002,76.17,17.94,81.39,73.6,12.72,0.0,0.0,0.0
2026-01-27T16:00:00+00:00,site_002,47.72,12.6,79.79,63.9,0.0,19.47,0.0,0.0
2026-01-27T17:00:00+00:00,site_002,23.52,22.31,109.69,43.9,0.0,40.0,23.86,0.0
2026-01-27T18:00:00+00:00,site_002,0.0,15.11,110.1,23.9,0.0,40.0,54.99,0.0
2026-01-27T19:00:00+00:00,site_002,0.0,18.64,107.56,10.0,0.0,27.8,61.12,0.0
2026-01-27T20:00:00+00:00,site_002,0.0,20.92,106.81,10.0,0.0,0.0,85.89,0.0
2026-01-27T21:00:00+00:00,site_002,0.0,29.39,109.02,10.0,0.0,0.0,79.63,0.0
2026-01-27T22:00:00+00:00,site_002,0.0,39.05,61.84,10.0,0.0,0.0,22.79,0.0
2026-01-27T23:00:00+00:00,site_002,0.0,38.52,60.83,10.0,0.0,0.0,22.31,0.0
2026-01-28T00:00:00+00:00,site_002,0.0,47.06,61.35,10.0,0.0,0.0,14.29,0.0
2026-01-28T01:00:00+00:00,site_002,0.0,33.75,60.62,10.0,0.0,0.0,26.87,0.0
2026-01-28T02:00:00+00:00,site_002,0.0,39.5,58.48,10.0,0.0,0.0,18.98,0.0
2026-01-28T03:00:00+00:00,site_002,0.0,36.34,59.24,10.0,0.0,0.0,22.9,0.0
2026-01-28T04:00:00+00:00,site_002,0.0,26.91,61.38,10.0,0.0,0.0,34.47,0.0
2026-01-28T05:00:00+00:00,site_002,0.0,24.08,62.2,10.0,0.0,0.0,38.12,0.0
2026-01-28T06:00:00+00:00,site_002,0.0,32.26,58.27,10.0,0.0,0.0,26.01,0.0
2026-01-28T07:00:00+00:00,site_002,28.29,11.76,97.24,10.0,0.0,0.0,57.19,0.0
2026-01-28T08:00:00+00:00,site_002,57.78,22.39,93.37,10.0,0.0,0.0,13.2,0.0
2026-01-28T09:00:00+00:00,site_002,74.07,6.71,97.85,10.0,0.0,0.0,17.07,0.0
2026-01-28T10:00:00+00:00,site_002,79.25,3.96,81.22,11.0,1.99,0.0,0.0,0.0
2026-01-28T11:00:00+00:00,site_002,98.62,2.71,80.3,21.5,21.03,0.0,0.0,0.0
2026-01-28T12:00:00+00:00,site_002,114.04,6.46,82.28,40.6,38.22,0.0,0.0,0.0
2026-01-28T13:00:00+00:00,site_002,99.89,0.39,80.49,50.5,19.79,0.0,0.0,0.0
2026-01-28T14:00:00+00:00,site_002,94.92,1.56,80.06,58.7,16.42,0.0,0.0,0.0
2026-01-28T15:00:00+00:00,site_002,75.46,1.9,78.45,58.2,0.0,1.09,0.0,0.0
2026-01-28T16:00:00+00:00,site_002,54.06,17.38,79.52,54.2,0.0,8.08,0.0,0.0
2026-01-28T17:00:00+00:00,site_002,27.24,12.75,108.86,34.2,0.0,40.0,28.87,0.0
2026-01-28T18:00:00+00:00,site_002,0.0,19.77,105.77,14.2,0.0,40.0,46.0,0.0
2026-01-28T19:00:00+00:00,site_002,0.0,20.84,107.77,10.0,0.0,8.4,78.53,0.0
2026-01-28T20:00:00+00:00,site_002,0.0,31.2,108.6,10.0,0.0,0.0,77.4,0.0
2026-01-28T21:00:00+00:00,site_002,0.0,32.57,108.79,10.0,0.0,0.0,76.22,0.0
2026-01-28T22:00:00+00:00,site_002,0.0,39.81,58.57,10.0,0.0,0.0,18.76,0.0
2026-01-28T23:00:00+00:00,site_002,0.0,42.18,59.11,10.0,0.0,0.0,16.93,0.0
2026-01-29T00:00:00+00:00,site_002,0.0,34.33,62.15,10.0,0.0,0.0,27.82,0.0
2026-01-29T01:00:00+00:00,site_002,0.0,46.28,59.46,10.0,0.0,0.0,13.18,0.0
2026-01-29T02:00:00+00:00,site_002,0.0,35.93,61.51,10.0,0.0,0.0,25.58,0.0
2026-01-29T03:00:00+00:00,site_002,0.0,24.02,58.82,10.0,0.0,0.0,34.8,0.0
2026-01-29T04:00:00+00:00,site_002,0.0,22.81,61.58,10.0,0.0,0.0,38.77,0.0
2026-01-29T05:00:00+00:00,site_002,0.0,30.81,58.53,10.0,0.0,0.0,27.72,0.0
2026-01-29T06:00:00+00:00,site_002,0.0,16.25,62.65,10.0,0.0,0.0,46.4,0.0
2026-01-29T07:00:00+00:00,site_002,26.34,17.76,96.91,10.0,0.0,0.0,52.81,0.0
2026-01-29T08:00:00+00:00,site_002,55.75,7.16,95.07,10.0,0.0,0.0,32.16,0.0
2026-01-29T09:00:00+00:00,site_002,83.3,18.64,95.94,13.0,6.0,0.0,0.0,0.0
2026-01-29T10:00:00+00:00,site_002,98.0,8.52,81.29,25.6,25.23,0.0,0.0,0.0
2026-01-29T11:00:00+00:00,site_002,114.64,0.7,80.49,43.0,34.85,0.0,0.0,0.0
2026-01-29T12:00:00+00:00,site_002,105.91,0.0,82.68,54.6,23.23,0.0,0.0,0.0
2026-01-29T13:00:00+00:00,site_002,111.24,7.67,80.54,73.8,38.37,0.0,0.0,0.0
2026-01-29T14:00:00+00:00,site_002,101.87,3.05,80.89,85.8,24.03,0.0,0.0,0.0
2026-01-29T15:00:00+00:00,site_002,79.14,4.46,79.94,87.6,3.66,0.0,0.0,0.0
2026-01-29T16:00:00+00:00,site_002,54.01,22.65,80.52,85.7,0.0,3.86,0.0,0.0
2026-01-29T17:00:00+00:00,site_002,26.28,28.21,110.08,65.7,0.0,40.0,15.59,0.0
2026-01-29T18:00:00+00:00,site_002,0.0,17.97,110.32,45.7,0.0,40.0,52.35,0.0
2026-01-29T19:00:00+00:00,site_002,0.0,35.79,107.76,25.7,0.0,40.0,31.97,0.0
2026-01-29T20:00:00+00:00,site_002,0.0,22.67,107.56,10.0,0.0,31.4,53.49,0.0
2026-01-29T21:00:00+00:00,site_002,0.0,37.11,109.24,10.0,0.0,0.0,72.13,0.0
2026-01-29T22:00:00+00:00,site_002,0.0,31.47,61.51,10.0,0.0,0.0,30.04,0.0
2026-01-29T23:00:00+00:00,site_002,0.0,44.2,61.56,10.0,0.0,0.0,17.36,0.0
2026-01-30T00:00:00+00:00,site_002,0.0,46.21,61.16,10.0,0.0,0.0,14.95,0.0
2026-01-30T01:00:00+00:00,site_002,0.0,31.01,61.12,10.0,0.0,0.0,30.11,0.0
2026-01-30T02:00:00+00:00,site_002,0.0,31.3,59.73,10.0,0.0,0.0,28.43,0.0
2026-01-30T03:00:00+00:00,site_002,0.0,36.55,62.91,10.0,0.0,0.0,26.36,0.0
2026-01-30T04:00:00+00:00,site_002,0.0,33.0,62.79,10.0,0.0,0.0,29.79,0.0
2026-01-30T05:00:00+00:00,site_002,0.0,26.46,61.47,10.0,0.0,0.0,35.01,0.0
2026-01-30T06:00:00+00:00,site_002,0.0,14.81,59.76,10.0,0.0,0.0,44.95,0.0
2026-01-30T07:00:00+00:00,site_002,27.02,20.03,96.34,10.0,0.0,0.0,49.29,0.0
2026-01-30T08:00:00+00:00,site_002,51.26,19.96,97.21,10.0,0.0,0.0,25.99,0.0
2026-01-30T09:00:00+00:00,site_002,69.71,18.84,97.04,10.0,0.0,0.0,8.49,0.0
2026-01-30T10:00:00+00:00,site_002,91.52,0.02,78.73,16.4,12.81,0.0,0.0,0.0
2026-01-30T11:00:00+00:00,site_002,106.36,2.01,81.75,29.7,26.62,0.0,0.0,0.0
2026-01-30T12:00:00+00:00,site_002,94.83,3.23,79.25,39.1,18.81,0.0,0.0,0.0
2026-01-30T13:00:00+00:00,site_002,111.26,11.82,79.48,59.1,40.0,0.0,0.0,3.6
2026-01-30T14:00:00+00:00,site_002,97.52,0.16,82.07,66.9,15.61,0.0,0.0,0.0
2026-01-30T15:00:00+00:00,site_002,65.81,19.25,81.7,68.6,3.36,0.0,0.0,0.0
2026-01-30T16:00:00+00:00,site_002,57.97,19.85,80.81,67.1,0.0,2.99,0.0,0.0
2026-01-30T17:00:00+00:00,site_002,25.14,24.3,109.49,47.1,0.0,40.0,20.05,0.0
2026-01-30T18:00:00+00:00,site_002,0.0,25.79,110.13,27.1,0.0,40.0,44.34,0.0
2026-01-30T19:00:00+00:00,site_002,0.0,24.13,110.28,10.0,0.0,34.2,51.95,0.0
2026-01-30T20:00:00+00:00,site_002,0.0,39.52,107.06,10.0,0.0,0.0,67.54,0.0
2026-01-30T21:00:00+00:00,site_002,0.0,34.15,105.56,10.0,0.0,0.0,71.41,0.0
2026-01-30T22:00:00+00:00,site_002,0.0,30.52,61.1,10.0,0.0,0.0,30.58,0.0
2026-01-30T23:00:00+00:00,site_002,0.0,42.61,62.35,10.0,0.0,0.0,19.74,0.0
2026-01-01T00:00:00+00:00,site_003,0.0,13.23,14.56,47.8,0.0,1.33,0.0,0.0
2026-01-01T01:00:00+00:00,site_003,0.0,12.32,13.24,46.3,0.0,0.92,0.0,0.0
2026-01-01T02:00:00+00:00,site_003,0.0,12.18,12.73,45.4,0.0,0.55,0.0,0.0
2026-01-01T03:00:00+00:00,site_003,0.0,10.55,13.88,39.9,0.0,3.33,0.0,0.0
2026-01-01T04:00:00+00:00,site_003,0.0,11.79,11.47,40.4,0.32,0.0,0.0,0.0
2026-01-01T05:00:00+00:00,site_003,0.0,5.98,13.41,28.0,0.0,7.43,0.0,0.0
2026-01-01T06:00:00+00:00,site_003,0.0,4.79,12.57,15.0,0.0,7.78,0.0,0.0
2026-01-01T07:00:00+00:00,site_003,8.74,5.16,28.88,10.0,0.0,3.0,11.98,0.0
2026-01-01T08:00:00+00:00,site_003,15.65,5.0,27.38,10.0,0.0,0.0,6.73,0.0
2026-01-01T09:00:00+00:00,site_003,23.55,4.83,26.87,12.5,1.51,0.0,0.0,0.0
2026-01-01T10:00:00+00:00,site_003,27.31,1.79,19.45,28.6,9.65,0.0,0.0,0.0
2026-01-01T11:00:00+00:00,site_003,37.98,3.1,22.51,53.6,15.0,0.0,0.0,3.57
2026-01-01T12:00:00+00:00,site_003,34.91,2.69,20.99,78.6,15.0,0.0,0.0,1.61
2026-01-01T13:00:00+00:00,site_003,36.55,1.31,20.3,100.0,12.84,0.0,0.0,4.72
2026-01-01T14:00:00+00:00,site_003,27.57,0.26,21.73,100.0,0.0,0.0,0.0,6.1
2026-01-01T15:00:00+00:00,site_003,24.15,3.79,19.66,100.0,0.0,0.0,0.0,8.28
2026-01-01T16:00:00+00:00,site_003,16.11,2.78,20.86,96.7,0.0,1.97,0.0,0.0
2026-01-01T17:00:00+00:00,site_003,8.7,3.9,35.61,71.7,0.0,15.0,8.01,0.0
2026-01-01T18:00:00+00:00,site_003,0.0,9.73,35.97,46.7,0.0,15.0,11.24,0.0
2026-01-01T19:00:00+00:00,site_003,0.0,10.8,31.89,21.7,0.0,15.0,6.09,0.0
2026-01-01T20:00:00+00:00,site_003,0.0,10.01,34.08,10.0,0.0,7.02,17.05,0.0
2026-01-01T21:00:00+00:00,site_003,0.0,12.36,34.92,10.0,0.0,0.0,22.56,0.0
2026-01-01T22:00:00+00:00,site_003,0.0,11.37,14.79,10.0,0.0,0.0,3.42,0.0
2026-01-01T23:00:00+00:00,site_003,0.0,12.19,11.6,11.0,0.59,0.0,0.0,0.0
2026-01-02T00:00:00+00:00,site_003,0.0,13.75,14.72,10.0,0.0,0.6,0.37,0.0
2026-01-02T01:00:00+00:00,site_003,0.0,10.41,12.7,10.0,0.0,0.0,2.29,0.0
2026-01-02T02:00:00+00:00,site_003,0.0,9.34,14.56,10.0,0.0,0.0,5.22,0.0
2026-01-02T03:00:00+00:00,site_003,0.0,11.86,11.87,10.0,0.0,0.0,0.01,0.0
2026-01-02T04:00:00+00:00,site_003,0.0,10.82,12.23,10.0,0.0,0.0,1.41,0.0
2026-01-02T05:00:00+00:00,site_003,0.0,5.18,14.49,10.0,0.0,0.0,9.31,0.0
2026-01-02T06:00:00+00:00,site_003,0.0,6.83,14.74,10.0,0.0,0.0,7.91,0.0
2026-01-02T07:00:00+00:00,site_003,8.2,8.32,28.79,10.0,0.0,0.0,12.27,0.0
2026-01-02T08:00:00+00:00,site_003,15.04,1.89,29.45,10.0,0.0,0.0,12.52,0.0
2026-01-02T09:00:00+00:00,site_003,26.68,5.76,28.22,17.0,4.22,0.0,0.0,0.0
2026-01-02T10:00:00+00:00,site_003,26.88,3.08,22.71,29.1,7.25,0.0,0.0,0.0
2026-01-02T11:00:00+00:00,site_003,38.41,4.05,22.43,54.1,15.0,0.0,0.0,5.03
2026-01-02T12:00:00+00:00,site_003,39.4,3.73,19.97,79.1,15.0,0.0,0.0,8.16
2026-01-02T13:00:00+00:00,site_003,33.41,1.39,19.64,100.0,12.54,0.0,0.0,2.62
2026-01-02T14:00:00+00:00,site_003,26.45,4.62,21.99,100.0,0.0,0.0,0.0,9.08
2026-01-02T15:00:00+00:00,site_003,25.28,1.93,20.49,100.0,0.0,0.0,0.0,6.72
2026-01-02T16:00:00+00:00,site_003,16.94,5.28,21.37,100.0,0.0,0.0,0.0,0.85
2026-01-02T17:00:00+00:00,site_003,7.81,6.63,34.52,75.0,0.0,15.0,5.08,0.0
2026-01-02T18:00:00+00:00,site_003,0.0,7.46,35.63,50.0,0.0,15.0,13.17,0.0
2026-01-02T19:00:00+00:00,site_003,0.0,8.43,35.35,25.0,0.0,15.0,11.92,0.0
2026-01-02T20:00:00+00:00,site_003,0.0,6.44,36.49,10.0,0.0,9.0,21.05,0.0
2026-01-02T21:00:00+00:00,site_003,0.0,7.57,35.78,10.0,0.0,0.0,28.21,0.0
2026-01-02T22:00:00+00:00,site_003,0.0,9.46,10.43,10.0,0.0,0.0,0.97,0.0
2026-01-02T23:00:00+00:00,site_003,0.0,12.69,12.19,10.8,0.5,0.0,0.0,0.0
2026-01-03T00:00:00+00:00,site_003,0.0,10.62,11.5,10.0,0.0,0.48,0.4,0.0
2026-01-03T01:00:00+00:00,site_003,0.0,10.94,10.87,10.1,0.07,0.0,0.0,0.0
2026-01-03T02:00:00+00:00,site_003,0.0,8.47,10.15,10.0,0.0,0.06,1.62,0.0
2026-01-03T03:00:00+00:00,site_003,0.0,11.72,10.93,11.3,0.79,0.0,0.0,0.0
2026-01-03T04:00:00+00:00,site_003,0.0,11.76,8.92,16.0,2.84,0.0,0.0,0.0
2026-01-03T05:00:00+00:00,site_003,0.0,8.98,12.77,10.0,0.0,3.6,0.19,0.0
2026-01-03T06:00:00+00:00,site_003,0.0,8.13,10.07,10.0,0.0,0.0,1.94,0.0
2026-01-03T07:00:00+00:00,site_003,10.22,5.91,21.44,10.0,0.0,0.0,5.31,0.0
2026-01-03T08:00:00+00:00,site_003,15.62,1.53,21.65,10.0,0.0,0.0,4.5,0.0
2026-01-03T09:00:00+00:00,site_003,25.01,6.25,20.19,28.4,11.07,0.0,0.0,0.0
2026-01-03T10:00:00+00:00,site_003,32.46,5.27,15.9,53.4,15.0,0.0,0.0,6.83
2026-01-03T11:00:00+00:00,site_003,32.96,3.28,16.74,78.4,15.0,0.0,0.0,4.5
2026-01-03T12:00:00+00:00,site_003,31.61,0.57,18.35,100.0,12.96,0.0,0.0,0.87
2026-01-03T13:00:00+00:00,site_003,30.85,0.49,18.18,100.0,0.0,0.0,0.0,13.16
2026-01-03T14:00:00+00:00,site_003,33.36,4.96,18.84,100.0,0.0,0.0,0.0,19.48
2026-01-03T15:00:00+00:00,site_003,28.24,3.34,16.93,100.0,0.0,0.0,0.0,14.65
2026-01-03T16:00:00+00:00,site_003,16.45,1.9,14.67,100.0,0.0,0.0,0.0,3.68
2026-01-03T17:00:00+00:00,site_003,9.64,5.51,24.06,85.2,0.0,8.91,0.0,0.0
2026-01-03T18:00:00+00:00,site_003,0.0,7.68,22.9,60.2,0.0,15.0,0.22,0.0
2026-01-03T19:00:00+00:00,site_003,0.0,8.63,26.9,35.2,0.0,15.0,3.27,0.0
2026-01-03T20:00:00+00:00,site_003,0.0,7.91,24.66,10.2,0.0,15.0,1.75,0.0
2026-01-03T21:00:00+00:00,site_003,0.0,10.63,23.93,10.0,0.0,0.12,13.18,0.0
2026-01-03T22:00:00+00:00,site_003,0.0,11.15,11.03,10.2,0.12,0.0,0.0,0.0
2026-01-03T23:00:00+00:00,site_003,0.0,10.28,9.78,11.0,0.5,0.0,0.0,0.0
2026-01-04T00:00:00+00:00,site_003,0.0,10.82,8.22,15.3,2.6,0.0,0.0,0.0
2026-01-04T01:00:00+00:00,site_003,0.0,9.57,9.31,15.7,0.26,0.0,0.0,0.0
2026-01-04T02:00:00+00:00,site_003,0.0,12.09,10.38,18.6,1.71,0.0,0.0,0.0
2026-01-04T03:00:00+00:00,site_003,0.0,11.97,8.87,23.8,3.1,0.0,0.0,0.0
2026-01-04T04:00:00+00:00,site_003,0.0,10.4,12.59,20.2,0.0,2.19,0.0,0.0
2026-01-04T05:00:00+00:00,site_003,0.0,7.69,9.99,16.4,0.0,2.3,0.0,0.0
2026-01-04T06:00:00+00:00,site_003,0.0,7.06,9.08,13.0,0.0,2.02,0.0,0.0
2026-01-04T07:00:00+00:00,site_003,9.33,7.64,22.96,10.0,0.0,1.8,4.19,0.0
2026-01-04T08:00:00+00:00,site_003,15.7,4.73,19.98,10.8,0.45,0.0,0.0,0.0
2026-01-04T09:00:00+00:00,site_003,27.48,1.03,19.04,26.6,9.47,0.0,0.0,0.0
2026-01-04T10:00:00+00:00,site_003,26.14,2.9,14.34,51.1,14.7,0.0,0.0,0.0
2026-01-04T11:00:00+00:00,site_003,34.6,1.83,17.13,76.1,15.0,0.0,0.0,4.3
2026-01-04T12:00:00+00:00,site_003,39.06,2.56,16.9,100.0,14.34,0.0,0.0,10.38
2026-01-04T13:00:00+00:00,site_003,38.62,2.24,18.06,100.0,0.0,0.0,0.0,22.8
2026-01-04T14:00:00+00:00,site_003,29.15,1.19,18.04,100.0,0.0,0.0,0.0,12.3
2026-01-04T15:00:00+00:00,site_003,26.4,2.31,16.5,100.0,0.0,0.0,0.0,12.21
2026-01-04T16:00:00+00:00,site_003,17.55,3.88,16.69,100.0,0.0,0.0,0.0,4.74
2026-01-04T17:00:00+00:00,site_003,9.48,7.67,26.44,84.5,0.0,9.29,0.0,0.0
2026-01-04T18:00:00+00:00,site_003,0.0,4.75,24.97,59.5,0.0,15.0,5.22,0.0
2026-01-04T19:00:00+00:00,site_003,0.0,7.59,23.3,34.5,0.0,15.0,0.71,0.0
2026-01-04T20:00:00+00:00,site_003,0.0,11.69,25.7,11.2,0.0,14.01,0.0,0.0
2026-01-04T21:00:00+00:00,site_003,0.0,12.74,26.08,10.0,0.0,0.72,12.62,0.0
2026-01-04T22:00:00+00:00,site_003,0.0,10.55,9.99,10.9,0.56,0.0,0.0,0.0
2026-01-04T23:00:00+00:00,site_003,0.0,9.41,10.64,10.0,0.0,0.54,0.69,0.0
2026-01-05T00:00:00+00:00,site_003,0.0,8.63,11.85,10.0,0.0,0.0,3.22,0.0
2026-01-05T01:00:00+00:00,site_003,0.0,8.35,11.03,10.0,0.0,0.0,2.68,0.0
2026-01-05T02:00:00+00:00,site_003,0.0,13.09,11.81,12.1,1.28,0.0,0.0,0.0
2026-01-05T03:00:00+00:00,site_003,0.0,9.75,12.27,10.0,0.0,1.26,1.26,0.0
2026-01-05T04:00:00+00:00,site_003,0.0,6.28,14.9,10.0,0.0,0.0,8.62,0.0
2026-01-05T05:00:00+00:00,site_003,0.0,6.86,13.52,10.0,0.0,0.0,6.66,0.0
2026-01-05T06:00:00+00:00,site_003,0.0,8.73,14.17,10.0,0.0,0.0,5.44,0.0
2026-01-05T07:00:00+00:00,site_003,8.45,5.85,26.97,10.0,0.0,0.0,12.67,0.0
2026-01-05T08:00:00+00:00,site_003,18.27,3.69,29.37,10.0,0.0,0.0,7.41,0.0
2026-01-05T09:00:00+00:00,site_003,27.12,3.67,27.98,14.7,2.81,0.0,0.0,0.0
2026-01-05T10:00:00+00:00,site_003,33.84,2.95,20.96,39.7,15.0,0.0,0.0,0.83
2026-01-05T11:00:00+00:00,site_003,37.36,2.32,21.61,64.7,15.0,0.0,0.0,3.07
2026-01-05T12:00:00+00:00,site_003,36.04,2.26,19.89,89.7,15.0,0.0,0.0,3.41
2026-01-05T13:00:00+00:00,site_003,30.58,0.0,22.42,100.0,6.18,0.0,0.0,1.98
2026-01-05T14:00:00+00:00,site_003,27.81,0.97,21.01,100.0,0.0,0.0,0.0,7.77
2026-01-05T15:00:00+00:00,site_003,26.29,1.28,20.35,100.0,0.0,0.0,0.0,7.22
2026-01-05T16:00:00+00:00,site_003,19.06,5.82,21.61,100.0,0.0,0.0,0.0,3.27
2026-01-05T17:00:00+00:00,site_003,9.0,3.85,32.66,75.0,0.0,15.0,4.81,0.0
2026-01-05T18:00:00+00:00,site_003,0.0,3.88,32.07,50.0,0.0,15.0,13.19,0.0
2026-01-05T19:00:00+00:00,site_003,0.0,8.36,32.66,25.0,0.0,15.0,9.3,0.0
2026-01-05T20:00:00+00:00,site_003,0.0,9.78,32.05,10.0,0.0,9.0,13.27,0.0
2026-01-05T21:00:00+00:00,site_003,0.0,10.37,32.13,10.0,0.0,0.0,21.76,0.0
2026-01-05T22:00:00+00:00,site_003,0.0,9.2,10.9,10.0,0.0,0.0,1.7,0.0
2026-01-05T23:00:00+00:00,site_003,0.0,13.85,13.0,11.4,0.85,0.0,0.0,0.0
2026-01-06T00:00:00+00:00,site_003,0.0,11.63,10.09,14.0,1.54,0.0,0.0,0.0
2026-01-06T01:00:00+00:00,site_003,0.0,12.41,13.31,12.5,0.0,0.9,0.0,0.0
2026-01-06T02:00:00+00:00,site_003,0.0,9.35,10.43,10.7,0.0,1.08,0.0,0.0
2026-01-06T03:00:00+00:00,site_003,0.0,9.63,14.96,10.0,0.0,0.42,4.91,0.0
2026-01-06T04:00:00+00:00,site_003,0.0,11.2,10.85,10.6,0.35,0.0,0.0,0.0
2026-01-06T05:00:00+00:00,site_003,0.0,9.9,13.0,10.0,0.0,0.36,2.74,0.0
2026-01-06T06:00:00+00:00,site_003,0.0,8.67,10.91,10.0,0.0,0.0,2.24,0.0
2026-01-06T07:00:00+00:00,site_003,9.47,4.17,29.72,10.0,0.0,0.0,16.08,0.0
2026-01-06T08:00:00+00:00,site_003,16.71,4.22,29.05,10.0,0.0,0.0,8.12,0.0
2026-01-06T09:00:00+00:00,site_003,22.84,2.88,26.64,10.0,0.0,0.0,0.92,0.0
2026-01-06T10:00:00+00:00,site_003,27.73,5.01,21.72,28.4,11.02,0.0,0.0,0.0
2026-01-06T11:00:00+00:00,site_003,33.03,0.3,19.68,51.1,13.65,0.0,0.0,0.0
2026-01-06T12:00:00+00:00,site_003,34.76,2.94,19.4,76.1,15.0,0.0,0.0,3.3
2026-01-06T13:00:00+00:00,site_003,36.55,2.42,19.79,100.0,14.34,0.0,0.0,4.84
2026-01-06T14:00:00+00:00,site_003,30.16,0.63,22.22,100.0,0.0,0.0,0.0,8.57
2026-01-06T15:00:00+00:00,site_003,27.06,5.95,23.07,100.0,0.0,0.0,0.0,9.94
2026-01-06T16:00:00+00:00,site_003,18.25,4.63,21.05,100.0,0.0,0.0,0.0,1.83
2026-01-06T17:00:00+00:00,site_003,7.88,5.76,33.0,75.0,0.0,15.0,4.36,0.0
2026-01-06T18:00:00+00:00,site_003,0.0,8.49,33.76,50.0,0.0,15.0,10.27,0.0
2026-01-06T19:00:00+00:00,site_003,0.0,8.45,35.56,25.0,0.0,15.0,12.11,0.0
2026-01-06T20:00:00+00:00,site_003,0.0,10.57,35.33,10.0,0.0,9.0,15.76,0.0
2026-01-06T21:00:00+00:00,site_003,0.0,7.52,32.52,10.0,0.0,0.0,25.0,0.0
2026-01-06T22:00:00+00:00,site_003,0.0,10.51,11.16,10.0,0.0,0.0,0.65,0.0
2026-01-06T23:00:00+00:00,site_003,0.0,13.25,11.42,13.1,1.83,0.0,0.0,0.0
2026-01-07T00:00:00+00:00,site_003,0.0,13.51,12.04,15.6,1.47,0.0,0.0,0.0
2026-01-07T01:00:00+00:00,site_003,0.0,9.23,13.55,10.0,0.0,3.36,0.96,0.0
2026-01-07T02:00:00+00:00,site_003,0.0,12.38,12.89,10.0,0.0,0.0,0.51,0.0
2026-01-07T03:00:00+00:00,site_003,0.0,7.64,10.04,10.0,0.0,0.0,2.4,0.0
2026-01-07T04:00:00+00:00,site_003,0.0,9.93,13.44,10.0,0.0,0.0,3.51,0.0
2026-01-07T05:00:00+00:00,site_003,0.0,6.81,11.81,10.0,0.0,0.0,5.0,0.0
2026-01-07T06:00:00+00:00,site_003,0.0,7.66,11.27,10.0,0.0,0.0,3.61,0.0
2026-01-07T07:00:00+00:00,site_003,9.98,5.13,27.93,10.0,0.0,0.0,12.82,0.0
2026-01-07T08:00:00+00:00,site_003,16.38,5.58,29.87,10.0,0.0,0.0,7.91,0.0
2026-01-07T09:00:00+00:00,site_003,24.14,5.27,28.51,11.5,0.9,0.0,0.0,0.0
2026-01-07T10:00:00+00:00,site_003,29.19,3.18,20.47,31.3,11.9,0.0,0.0,0.0
2026-01-07T11:00:00+00:00,site_003,31.94,1.47,22.73,49.1,10.68,0.0,0.0,0.0
2026-01-07T12:00:00+00:00,site_003,37.36,4.38,22.5,74.1,15.0,0.0,0.0,4.24
2026-01-07T13:00:00+00:00,site_003,36.2,2.08,22.7,99.1,15.0,0.0,0.0,0.58
2026-01-07T14:00:00+00:00,site_003,27.38,1.14,21.2,100.0,0.54,0.0,0.0,6.78
2026-01-07T15:00:00+00:00,site_003,23.61,3.87,22.69,100.0,0.0,0.0,0.0,4.79
2026-01-07T16:00:00+00:00,site_003,18.53,2.46,24.02,95.0,0.0,3.03,0.0,0.0
2026-01-07T17:00:00+00:00,site_003,7.78,3.13,32.58,70.0,0.0,15.0,6.67,0.0
2026-01-07T18:00:00+00:00,site_003,0.0,6.36,32.17,45.0,0.0,15.0,10.81,0.0
2026-01-07T19:00:00+00:00,site_003,0.0,6.25,32.25,20.0,0.0,15.0,11.0,0.0
2026-01-07T20:00:00+00:00,site_003,0.0,6.23,33.77,10.0,0.0,6.0,21.54,0.0
2026-01-07T21:00:00+00:00,site_003,0.0,12.84,34.92,10.0,0.0,0.0,22.08,0.0
2026-01-07T22:00:00+00:00,site_003,0.0,10.77,13.56,10.0,0.0,0.0,2.79,0.0
2026-01-07T23:00:00+00:00,site_003,0.0,11.68,14.73,10.0,0.0,0.0,3.05,0.0
2026-01-08T00:00:00+00:00,site_003,0.0,13.17,13.2,10.0,0.0,0.0,0.03,0.0
2026-01-08T01:00:00+00:00,site_003,0.0,10.73,11.01,10.0,0.0,0.0,0.28,0.0
2026-01-08T02:00:00+00:00,site_003,0.0,11.59,14.02,10.0,0.0,0.0,2.43,0.0
2026-01-08T03:00:00+00:00,site_003,0.0,8.65,10.17,10.0,0.0,0.0,1.52,0.0
2026-01-08T04:00:00+00:00,site_003,0.0,9.6,12.58,10.0,0.0,0.0,2.98,0.0
2026-01-08T05:00:00+00:00,site_003,0.0,6.3,10.85,10.0,0.0,0.0,4.55,0.0
2026-01-08T06:00:00+00:00,site_003,0.0,5.19,10.0,10.0,0.0,0.0,4.81,0.0
2026-01-08T07:00:00+00:00,site_003,8.17,8.57,30.0,10.0,0.0,0.0,13.26,0.0
2026-01-08T08:00:00+00:00,site_003,16.77,3.87,29.03,10.0,0.0,0.0,8.39,0.0
2026-01-08T09:00:00+00:00,site_003,24.87,4.99,26.44,15.7,3.42,0.0,0.0,0.0
2026-01-08T10:00:00+00:00,site_003,26.76,1.56,23.35,24.0,4.97,0.0,0.0,0.0
2026-01-08T11:00:00+00:00,site_003,37.82,1.49,24.02,49.0,15.0,0.0,0.0,0.29
2026-01-08T12:00:00+00:00,site_003,32.77,2.89,20.17,74.0,15.0,0.0,0.0,0.49
2026-01-08T13:00:00+00:00,site_003,37.96,2.85,20.51,99.0,15.0,0.0,0.0,5.3
2026-01-08T14:00:00+00:00,site_003,29.51,0.49,19.56,100.0,0.6,0.0,0.0,9.84
2026-01-08T15:00:00+00:00,site_003,23.29,6.25,23.21,100.0,0.0,0.0,0.0,6.33
2026-01-08T16:00:00+00:00,site_003,19.78,6.76,23.27,100.0,0.0,0.0,0.0,3.27
2026-01-08T17:00:00+00:00,site_003,9.25,6.75,36.68,75.0,0.0,15.0,5.68,0.0
2026-01-08T18:00:00+00:00,site_003,0.0,8.37,35.64,50.0,0.0,15.0,12.27,0.0
2026-01-08T19:00:00+00:00,site_003,0.0,10.68,34.14,25.0,0.0,15.0,8.46,0.0
2026-01-08T20:00:00+00:00,site_003,0.0,8.76,34.78,10.0,0.0,9.0,17.02,0.0
2026-01-08T21:00:00+00:00,site_003,0.0,7.1,32.43,10.0,0.0,0.0,25.33,0.0
2026-01-08T22:00:00+00:00,site_003,0.0,8.05,13.17,10.0,0.0,0.0,5.12,0.0
2026-01-08T23:00:00+00:00,site_003,0.0,14.06,13.38,11.1,0.68,0.0,0.0,0.0
2026-01-09T00:00:00+00:00,site_003,0.0,9.63,11.58,10.0,0.0,0.66,1.29,0.0
2026-01-09T01:00:00+00:00,site_003,0.0,13.83,12.58,12.1,1.25,0.0,0.0,0.0
2026-01-09T02:00:00+00:00,site_003,0.0,7.71,14.16,10.0,0.0,1.26,5.19,0.0
2026-01-09T03:00:00+00:00,site_003,0.0,8.42,10.47,10.0,0.0,0.0,2.05,0.0
2026-01-09T04:00:00+00:00,site_003,0.0,10.04,14.11,10.0,0.0,0.0,4.07,0.0
2026-01-09T05:00:00+00:00,site_003,0.0,5.37,14.66,10.0,0.0,0.0,9.29,0.0
2026-01-09T06:00:00+00:00,site_003,0.0,5.87,14.47,10.0,0.0,0.0,8.6,0.0
2026-01-09T07:00:00+00:00,site_003,8.46,8.27,29.52,10.0,0.0,0.0,12.79,0.0
2026-01-09T08:00:00+00:00,site_003,19.55,4.49,27.1,10.0,0.0,0.0,3.06,0.0
2026-01-09T09:00:00+00:00,site_003,26.41,5.8,27.13,18.5,5.08,0.0,0.0,0.0
2026-01-09T10:00:00+00:00,site_003,27.74,1.35,22.29,29.8,6.8,0.0,0.0,0.0
2026-01-09T11:00:00+00:00,site_003,30.48,0.04,23.8,41.0,6.72,0.0,0.0,0.0
2026-01-09T12:00:00+00:00,site_003,36.76,3.23,22.27,66.0,15.0,0.0,0.0,2.72
2026-01-09T13:00:00+00:00,site_003,36.36,2.65,19.41,91.0,15.0,0.0,0.0,4.6
2026-01-09T14:00:00+00:00,site_003,30.16,3.58,21.66,100.0,5.4,0.0,0.0,6.68
2026-01-09T15:00:00+00:00,site_003,28.18,5.95,23.54,100.0,0.0,0.0,0.0,10.59
2026-01-09T16:00:00+00:00,site_003,17.45,7.41,23.78,100.0,0.0,0.0,0.0,1.08
2026-01-09T17:00:00+00:00,site_003,8.49,3.92,34.73,75.0,0.0,15.0,7.32,0.0
2026-01-09T18:00:00+00:00,site_003,0.0,8.55,34.24,50.0,0.0,15.0,10.69,0.0
2026-01-09T19:00:00+00:00,site_003,0.0,8.16,34.36,25.0,0.0,15.0,11.2,0.0
2026-01-09T20:00:00+00:00,site_003,0.0,8.36,35.28,10.0,0.0,9.0,17.92,0.0
2026-01-09T21:00:00+00:00,site_003,0.0,7.98,36.73,10.0,0.0,0.0,28.75,0.0
2026-01-09T22:00:00+00:00,site_003,0.0,11.84,12.3,10.0,0.0,0.0,0.46,0.0
2026-01-09T23:00:00+00:00,site_003,0.0,12.23,10.06,13.6,2.17,0.0,0.0,0.0
2026-01-10T00:00:00+00:00,site_003,0.0,9.51,11.11,10.9,0.0,1.6,0.0,0.0
2026-01-10T01:00:00+00:00,site_003,0.0,10.05,11.26,10.0,0.0,0.54,0.67,0.0
2026-01-10T02:00:00+00:00,site_003,0.0,9.21,10.94,10.0,0.0,0.0,1.73,0.0
2026-01-10T03:00:00+00:00,site_003,0.0,8.35,10.56,10.0,0.0,0.0,2.21,0.0
2026-01-10T04:00:00+00:00,site_003,0.0,9.68,10.03,10.0,0.0,0.0,0.35,0.0
2026-01-10T05:00:00+00:00,site_003,0.0,7.91,9.25,10.0,0.0,0.0,1.34,0.0
2026-01-10T06:00:00+00:00,site_003,0.0,5.98,12.47,10.0,0.0,0.0,6.49,0.0
2026-01-10T07:00:00+00:00,site_003,8.49,3.66,19.32,10.0,0.0,0.0,7.17,0.0
2026-01-10T08:00:00+00:00,site_003,17.88,2.87,19.16,12.7,1.59,0.0,0.0,0.0
2026-01-10T09:00:00+00:00,site_003,23.12,1.98,20.83,19.8,4.27,0.0,0.0,0.0
2026-01-10T10:00:00+00:00,site_003,29.28,0.73,18.98,38.2,11.03,0.0,0.0,0.0
2026-01-10T11:00:00+00:00,site_003,30.42,4.24,15.06,63.2,15.0,0.0,0.0,4.6
2026-01-10T12:00:00+00:00,site_003,35.0,5.22,18.43,88.2,15.0,0.0,0.0,6.79
2026-01-10T13:00:00+00:00,site_003,33.97,3.73,18.11,100.0,7.08,0.0,0.0,12.51
2026-01-10T14:00:00+00:00,site_003,28.58,3.23,17.02,100.0,0.0,0.0,0.0,14.79
2026-01-10T15:00:00+00:00,site_003,24.03,4.71,14.48,100.0,0.0,0.0,0.0,14.26
2026-01-10T16:00:00+00:00,site_003,19.07,4.36,17.33,100.0,0.0,0.0,0.0,6.1
2026-01-10T17:00:00+00:00,site_003,8.93,4.59,24.21,82.2,0.0,10.69,0.0,0.0
2026-01-10T18:00:00+00:00,site_003,0.0,9.34,23.69,58.3,0.0,14.35,0.0,0.0
2026-01-10T19:00:00+00:00,site_003,0.0,5.03,23.01,33.3,0.0,15.0,2.98,0.0
2026-01-10T20:00:00+00:00,site_003,0.0,11.2,27.22,10.0,0.0,13.98,2.04,0.0
2026-01-10T21:00:00+00:00,site_003,0.0,8.13,25.28,10.0,0.0,0.0,17.15,0.0
2026-01-10T22:00:00+00:00,site_003,0.0,11.54,9.07,14.1,2.47,0.0,0.0,0.0
2026-01-10T23:00:00+00:00,site_003,0.0,12.78,9.98,18.8,2.8,0.0,0.0,0.0
2026-01-11T00:00:00+00:00,site_003,0.0,12.29,10.64,21.6,1.65,0.0,0.0,0.0
2026-01-11T01:00:00+00:00,site_003,0.0,12.52,12.65,21.4,0.0,0.13,0.0,0.0
2026-01-11T02:00:00+00:00,site_003,0.0,9.93,9.63,21.9,0.3,0.0,0.0,0.0
2026-01-11T03:00:00+00:00,site_003,0.0,10.72,8.92,24.9,1.8,0.0,0.0,0.0
2026-01-11T04:00:00+00:00,site_003,0.0,7.01,12.24,16.2,0.0,5.23,0.0,0.0
2026-01-11T05:00:00+00:00,site_003,0.0,6.94,11.36,10.0,0.0,3.72,0.7,0.0
2026-01-11T06:00:00+00:00,site_003,0.0,8.84,8.56,10.5,0.28,0.0,0.0,0.0
2026-01-11T07:00:00+00:00,site_003,8.18,3.95,20.25,10.0,0.0,0.3,7.82,0.0
2026-01-11T08:00:00+00:00,site_003,16.46,3.1,21.89,10.0,0.0,0.0,2.33,0.0
2026-01-11T09:00:00+00:00,site_003,23.13,3.24,22.98,15.7,3.39,0.0,0.0,0.0
2026-01-11T10:00:00+00:00,site_003,29.13,3.37,19.01,38.2,13.49,0.0,0.0,0.0
2026-01-11T11:00:00+00:00,site_003,32.98,0.51,14.3,63.2,15.0,0.0,0.0,4.19
2026-01-11T12:00:00+00:00,site_003,37.28,3.22,18.88,88.2,15.0,0.0,0.0,6.62
2026-01-11T13:00:00+00:00,site_003,35.75,0.0,15.01,100.0,7.08,0.0,0.0,13.66
2026-01-11T14:00:00+00:00,site_003,26.87,0.24,18.57,100.0,0.0,0.0,0.0,8.54
2026-01-11T15:00:00+00:00,site_003,25.09,0.73,16.17,100.0,0.0,0.0,0.0,9.65
2026-01-11T16:00:00+00:00,site_003,18.82,2.0,15.49,100.0,0.0,0.0,0.0,5.33
2026-01-11T17:00:00+00:00,site_003,8.17,6.51,26.83,79.8,0.0,12.15,0.0,0.0
2026-01-11T18:00:00+00:00,site_003,0.0,5.23,23.82,54.8,0.0,15.0,3.59,0.0
2026-01-11T19:00:00+00:00,site_003,0.0,8.67,23.06,30.8,0.0,14.39,0.0,0.0
2026-01-11T20:00:00+00:00,site_003,0.0,11.03,22.55,11.6,0.0,11.52,0.0,0.0
2026-01-11T21:00:00+00:00,site_003,0.0,10.91,26.7,10.0,0.0,0.96,14.83,0.0
2026-01-11T22:00:00+00:00,site_003,0.0,9.6,10.58,10.0,0.0,0.0,0.98,0.0
2026-01-11T23:00:00+00:00,site_003,0.0,13.95,10.9,15.1,3.05,0.0,0.0,0.0
2026-01-12T00:00:00+00:00,site_003,0.0,9.88,12.22,11.2,0.0,2.34,0.0,0.0
2026-01-12T01:00:00+00:00,site_003,0.0,13.91,13.49,11.9,0.42,0.0,0.0,0.0
2026-01-12T02:00:00+00:00,site_003,0.0,8.71,12.99,10.0,0.0,1.14,3.14,0.0
2026-01-12T03:00:00+00:00,site_003,0.0,10.72,13.18,10.0,0.0,0.0,2.46,0.0
2026-01-12T04:00:00+00:00,site_003,0.0,9.38,12.62,10.0,0.0,0.0,3.24,0.0
2026-01-12T05:00:00+00:00,site_003,0.0,8.75,11.55,10.0,0.0,0.0,2.8,0.0
2026-01-12T06:00:00+00:00,site_003,0.0,6.99,14.02,10.0,0.0,0.0,7.03,0.0
2026-01-12T07:00:00+00:00,site_003,8.91,4.78,27.4,10.0,0.0,0.0,13.71,0.0
2026-01-12T08:00:00+00:00,site_003,16.52,1.5,30.18,10.0,0.0,0.0,12.16,0.0
2026-01-12T09:00:00+00:00,site_003,27.21,2.63,28.45,12.3,1.39,0.0,0.0,0.0
2026-01-12T10:00:00+00:00,site_003,26.05,5.39,23.93,24.8,7.51,0.0,0.0,0.0
2026-01-12T11:00:00+00:00,site_003,33.59,0.0,21.35,45.2,12.24,0.0,0.0,0.0
2026-01-12T12:00:00+00:00,site_003,32.93,0.64,19.24,69.1,14.33,0.0,0.0,0.0
2026-01-12T13:00:00+00:00,site_003,32.59,1.87,22.0,89.9,12.46,0.0,0.0,0.0
2026-01-12T14:00:00+00:00,site_003,29.4,0.83,22.89,100.0,6.06,0.0,0.0,1.28
2026-01-12T15:00:00+00:00,site_003,23.97,2.84,20.51,100.0,0.0,0.0,0.0,6.3
2026-01-12T16:00:00+00:00,site_003,17.11,2.94,23.02,95.0,0.0,2.97,0.0,0.0
2026-01-12T17:00:00+00:00,site_003,10.12,7.43,35.27,70.0,0.0,15.0,2.72,0.0
2026-01-12T18:00:00+00:00,site_003,0.0,8.21,35.89,45.0,0.0,15.0,12.68,0.0
2026-01-12T19:00:00+00:00,site_003,0.0,7.39,36.12,20.0,0.0,15.0,13.73,0.0
2026-01-12T20:00:00+00:00,site_003,0.0,7.09,33.3,10.0,0.0,6.0,20.21,0.0
2026-01-12T21:00:00+00:00,site_003,0.0,10.75,34.94,10.0,0.0,0.0,24.19,0.0
2026-01-12T22:00:00+00:00,site_003,0.0,9.28,13.11,10.0,0.0,0.0,3.83,0.0
2026-01-12T23:00:00+00:00,site_003,0.0,9.22,10.1,10.0,0.0,0.0,0.88,0.0
2026-01-13T00:00:00+00:00,site_003,0.0,8.55,12.67,10.0,0.0,0.0,4.12,0.0
2026-01-13T01:00:00+00:00,site_003,0.0,9.21,10.51,10.0,0.0,0.0,1.3,0.0
2026-01-13T02:00:00+00:00,site_003,0.0,9.26,13.58,10.0,0.0,0.0,4.32,0.0
2026-01-13T03:00:00+00:00,site_003,0.0,11.29,11.16,10.2,0.13,0.0,0.0,0.0
2026-01-13T04:00:00+00:00,site_003,0.0,6.9,12.47,10.0,0.0,0.12,5.45,0.0
2026-01-13T05:00:00+00:00,site_003,0.0,6.97,11.56,10.0,0.0,0.0,4.59,0.0
2026-01-13T06:00:00+00:00,site_003,0.0,9.74,12.32,10.0,0.0,0.0,2.58,0.0
2026-01-13T07:00:00+00:00,site_003,9.81,4.57,30.32,10.0,0.0,0.0,15.94,0.0
2026-01-13T08:00:00+00:00,site_003,19.76,1.84,29.98,10.0,0.0,0.0,8.38,0.0
2026-01-13T09:00:00+00:00,site_003,21.72,3.39,27.06,10.0,0.0,0.0,1.95,0.0
2026-01-13T10:00:00+00:00,site_003,33.27,4.76,23.34,34.5,14.69,0.0,0.0,0.0
2026-01-13T11:00:00+00:00,site_003,30.16,4.01,20.44,57.4,13.73,0.0,0.0,0.0
2026-01-13T12:00:00+00:00,site_003,37.71,1.91,22.89,82.4,15.0,0.0,0.0,1.73
2026-01-13T13:00:00+00:00,site_003,29.3,2.17,23.05,96.4,8.42,0.0,0.0,0.0
2026-01-13T14:00:00+00:00,site_003,30.49,5.75,21.56,100.0,2.16,0.0,0.0,12.52
2026-01-13T15:00:00+00:00,site_003,26.03,2.44,20.82,100.0,0.0,0.0,0.0,7.65
2026-01-13T16:00:00+00:00,site_003,18.15,1.75,23.89,93.3,0.0,3.99,0.0,0.0
2026-01-13T17:00:00+00:00,site_003,9.11,4.11,35.04,68.3,0.0,15.0,6.82,0.0
2026-01-13T18:00:00+00:00,site_003,0.0,9.08,36.17,43.3,0.0,15.0,12.09,0.0
2026-01-13T19:00:00+00:00,site_003,0.0,6.22,32.41,18.3,0.0,15.0,11.19,0.0
2026-01-13T20:00:00+00:00,site_003,0.0,9.8,33.47,10.0,0.0,4.98,18.69,0.0
2026-01-13T21:00:00+00:00,site_003,0.0,7.94,33.23,10.0,0.0,0.0,25.29,0.0
2026-01-13T22:00:00+00:00,site_003,0.0,8.37,13.95,10.0,0.0,0.0,5.58,0.0
2026-01-13T23:00:00+00:00,site_003,0.0,8.15,10.21,10.0,0.0,0.0,2.06,0.0
2026-01-14T00:00:00+00:00,site_003,0.0,12.95,12.38,10.9,0.57,0.0,0.0,0.0
2026-01-14T01:00:00+00:00,site_003,0.0,11.67,11.86,10.6,0.0,0.19,0.0,0.0
2026-01-14T02:00:00+00:00,site_003,0.0,8.18,10.79,10.0,0.0,0.36,2.25,0.0
2026-01-14T03:00:00+00:00,site_003,0.0,7.48,13.09,10.0,0.0,0.0,5.61,0.0
2026-01-14T04:00:00+00:00,site_003,0.0,11.59,14.98,10.0,0.0,0.0,3.39,0.0
2026-01-14T05:00:00+00:00,site_003,0.0,8.67,10.3,10.0,0.0,0.0,1.63,0.0
2026-01-14T06:00:00+00:00,site_003,0.0,7.96,13.96,10.0,0.0,0.0,6.0,0.0
2026-01-14T07:00:00+00:00,site_003,8.09,3.98,31.01,10.0,0.0,0.0,18.94,0.0
2026-01-14T08:00:00+00:00,site_003,18.94,6.04,30.13,10.0,0.0,0.0,5.15,0.0
2026-01-14T09:00:00+00:00,site_003,24.32,1.73,29.55,10.0,0.0,0.0,3.5,0.0
2026-01-14T10:00:00+00:00,site_003,29.08,0.66,23.69,20.1,6.05,0.0,0.0,0.0
2026-01-14T11:00:00+00:00,site_003,33.67,2.03,20.67,45.1,15.0,0.0,0.0,0.03
2026-01-14T12:00:00+00:00,site_003,36.97,0.39,20.13,70.1,15.0,0.0,0.0,2.23
2026-01-14T13:00:00+00:00,site_003,32.34,3.8,20.58,95.1,15.0,0.0,0.0,0.56
2026-01-14T14:00:00+00:00,site_003,33.18,5.34,21.97,100.0,2.94,0.0,0.0,13.61
2026-01-14T15:00:00+00:00,site_003,21.7,1.5,20.68,100.0,0.0,0.0,0.0,2.52
2026-01-14T16:00:00+00:00,site_003,16.32,3.7,19.2,100.0,0.0,0.0,0.0,0.82
2026-01-14T17:00:00+00:00,site_003,9.42,4.86,32.78,75.0,0.0,15.0,3.5,0.0
2026-01-14T18:00:00+00:00,site_003,0.0,8.89,35.73,50.0,0.0,15.0,11.84,0.0
2026-01-14T19:00:00+00:00,site_003,0.0,6.35,35.46,25.0,0.0,15.0,14.11,0.0
2026-01-14T20:00:00+00:00,site_003,0.0,9.95,34.54,10.0,0.0,9.0,15.59,0.0
2026-01-14T21:00:00+00:00,site_003,0.0,9.26,34.47,10.0,0.0,0.0,25.21,0.0
2026-01-14T22:00:00+00:00,site_003,0.0,10.63,12.76,10.0,0.0,0.0,2.13,0.0
2026-01-14T23:00:00+00:00,site_003,0.0,11.77,11.61,10.3,0.16,0.0,0.0,0.0
2026-01-15T00:00:00+00:00,site_003,0.0,12.1,10.55,12.9,1.55,0.0,0.0,0.0
2026-01-15T01:00:00+00:00,site_003,0.0,11.24,10.33,14.4,0.91,0.0,0.0,0.0
2026-01-15T02:00:00+00:00,site_003,0.0,12.66,10.65,17.8,2.01,0.0,0.0,0.0
2026-01-15T03:00:00+00:00,site_003,0.0,12.17,11.01,19.7,1.16,0.0,0.0,0.0
2026-01-15T04:00:00+00:00,site_003,0.0,8.91,10.49,17.1,0.0,1.58,0.0,0.0
2026-01-15T05:00:00+00:00,site_003,0.0,8.34,14.18,10.0,0.0,4.26,1.58,0.0
2026-01-15T06:00:00+00:00,site_003,0.0,6.9,13.51,10.0,0.0,0.0,6.61,0.0
2026-01-15T07:00:00+00:00,site_003,8.43,4.78,29.13,10.0,0.0,0.0,15.92,0.0
2026-01-15T08:00:00+00:00,site_003,15.35,7.08,27.14,10.0,0.0,0.0,4.71,0.0
2026-01-15T09:00:00+00:00,site_003,24.69,5.91,26.5,16.8,4.1,0.0,0.0,0.0
2026-01-15T10:00:00+00:00,site_003,32.92,0.22,21.99,35.4,11.15,0.0,0.0,0.0
2026-01-15T11:00:00+00:00,site_003,38.04,1.9,21.05,60.4,15.0,0.0,0.0,3.89
2026-01-15T12:00:00+00:00,site_003,37.08,4.19,20.53,85.4,15.0,0.0,0.0,5.74
2026-01-15T13:00:00+00:00,site_003,29.37,0.0,20.72,99.8,8.65,0.0,0.0,0.0
2026-01-15T14:00:00+00:00,site_003,34.16,5.62,19.69,100.0,0.12,0.0,0.0,19.97
2026-01-15T15:00:00+00:00,site_003,26.34,3.76,20.15,100.0,0.0,0.0,0.0,9.95
2026-01-15T16:00:00+00:00,site_003,17.63,2.99,22.33,97.2,0.0,1.71,0.0,0.0
2026-01-15T17:00:00+00:00,site_003,8.23,7.08,33.93,72.2,0.0,15.0,3.62,0.0
2026-01-15T18:00:00+00:00,site_003,0.0,7.58,33.64,47.2,0.0,15.0,11.06,0.0
2026-01-15T19:00:00+00:00,site_003,0.0,7.67,35.18,22.2,0.0,15.0,12.51,0.0
2026-01-15T20:00:00+00:00,site_003,0.0,11.3,32.68,10.0,0.0,7.32,14.06,0.0
2026-01-15T21:00:00+00:00,site_003,0.0,8.01,33.86,10.0,0.0,0.0,25.85,0.0
2026-01-15T22:00:00+00:00,site_003,0.0,9.67,10.79,10.0,0.0,0.0,1.12,0.0
2026-01-15T23:00:00+00:00,site_003,0.0,14.09,12.22,13.1,1.87,0.0,0.0,0.0
2026-01-16T00:00:00+00:00,site_003,0.0,10.36,11.58,11.1,0.0,1.22,0.0,0.0
2026-01-16T01:00:00+00:00,site_003,0.0,14.05,11.62,15.1,2.43,0.0,0.0,0.0
2026-01-16T02:00:00+00:00,site_003,0.0,9.88,13.82,10.0,0.0,3.06,0.88,0.0
2026-01-16T03:00:00+00:00,site_003,0.0,9.52,13.63,10.0,0.0,0.0,4.11,0.0
2026-01-16T04:00:00+00:00,site_003,0.0,9.65,12.82,10.0,0.0,0.0,3.17,0.0
2026-01-16T05:00:00+00:00,site_003,0.0,6.2,13.83,10.0,0.0,0.0,7.63,0.0
2026-01-16T06:00:00+00:00,site_003,0.0,5.27,14.81,10.0,0.0,0.0,9.54,0.0
2026-01-16T07:00:00+00:00,site_003,8.92,4.97,29.73,10.0,0.0,0.0,15.84,0.0
2026-01-16T08:00:00+00:00,site_003,19.91,5.07,28.69,10.0,0.0,0.0,3.71,0.0
2026-01-16T09:00:00+00:00,site_003,28.24,2.38,27.6,15.0,3.02,0.0,0.0,0.0
2026-01-16T10:00:00+00:00,site_003,27.9,4.99,19.31,37.6,13.58,0.0,0.0,0.0
2026-01-16T11:00:00+00:00,site_003,36.92,3.54,20.58,62.6,15.0,0.0,0.0,4.88
2026-01-16T12:00:00+00:00,site_003,35.54,2.59,23.83,86.4,14.3,0.0,0.0,0.0
2026-01-16T13:00:00+00:00,site_003,30.47,0.0,20.98,100.0,8.16,0.0,0.0,1.33
2026-01-16T14:00:00+00:00,site_003,27.18,2.06,22.11,100.0,0.0,0.0,0.0,7.13
2026-01-16T15:00:00+00:00,site_003,22.86,5.43,19.66,100.0,0.0,0.0,0.0,8.63
2026-01-16T16:00:00+00:00,site_003,17.0,7.01,22.87,100.0,0.0,0.0,0.0,1.14
2026-01-16T17:00:00+00:00,site_003,9.64,7.34,32.71,75.0,0.0,15.0,0.73,0.0
2026-01-16T18:00:00+00:00,site_003,0.0,7.89,34.73,50.0,0.0,15.0,11.84,0.0
2026-01-16T19:00:00+00:00,site_003,0.0,10.36,34.83,25.0,0.0,15.0,9.47,0.0
2026-01-16T20:00:00+00:00,site_003,0.0,7.8,35.5,10.0,0.0,9.0,18.7,0.0
2026-01-16T21:00:00+00:00,site_003,0.0,10.39,32.24,10.0,0.0,0.0,21.85,0.0
2026-01-16T22:00:00+00:00,site_003,0.0,7.98,13.85,10.0,0.0,0.0,5.87,0.0
2026-01-16T23:00:00+00:00,site_003,0.0,10.18,14.09,10.0,0.0,0.0,3.91,0.0
2026-01-17T00:00:00+00:00,site_003,0.0,10.75,12.54,10.0,0.0,0.0,1.79,0.0
2026-01-17T01:00:00+00:00,site_003,0.0,13.32,9.33,16.6,3.99,0.0,0.0,0.0
2026-01-17T02:00:00+00:00,site_003,0.0,11.56,11.21,17.2,0.35,0.0,0.0,0.0
2026-01-17T03:00:00+00:00,site_003,0.0,7.0,12.09,10.0,0.0,4.32,0.77,0.0
2026-01-17T04:00:00+00:00,site_003,0.0,8.29,9.72,10.0,0.0,0.0,1.43,0.0
2026-01-17T05:00:00+00:00,site_003,0.0,5.16,10.9,10.0,0.0,0.0,5.74,0.0
2026-01-17T06:00:00+00:00,site_003,0.0,6.76,9.3,10.0,0.0,0.0,2.54,0.0
2026-01-17T07:00:00+00:00,site_003,7.9,6.97,20.63,10.0,0.0,0.0,5.76,0.0
2026-01-17T08:00:00+00:00,site_003,17.23,5.07,21.19,11.8,1.11,0.0,0.0,0.0
2026-01-17T09:00:00+00:00,site_003,22.78,2.31,20.64,19.2,4.45,0.0,0.0,0.0
2026-01-17T10:00:00+00:00,site_003,27.13,0.35,17.04,36.6,10.44,0.0,0.0,0.0
2026-01-17T11:00:00+00:00,site_003,29.45,1.8,14.61,61.6,15.0,0.0,0.0,1.64
2026-01-17T12:00:00+00:00,site_003,35.02,3.89,14.83,86.6,15.0,0.0,0.0,9.08
2026-01-17T13:00:00+00:00,site_003,30.28,2.76,16.62,100.0,8.04,0.0,0.0,8.38
2026-01-17T14:00:00+00:00,site_003,31.63,1.03,17.26,100.0,0.0,0.0,0.0,15.4
2026-01-17T15:00:00+00:00,site_003,26.42,2.05,14.54,100.0,0.0,0.0,0.0,13.93
2026-01-17T16:00:00+00:00,site_003,18.88,3.44,18.8,100.0,0.0,0.0,0.0,3.52
2026-01-17T17:00:00+00:00,site_003,8.0,6.62,24.52,83.5,0.0,9.9,0.0,0.0
2026-01-17T18:00:00+00:00,site_003,0.0,5.67,25.37,58.5,0.0,15.0,4.7,0.0
2026-01-17T19:00:00+00:00,site_003,0.0,5.06,23.93,33.5,0.0,15.0,3.87,0.0
2026-01-17T20:00:00+00:00,site_003,0.0,11.93,25.48,10.9,0.0,13.55,0.0,0.0
2026-01-17T21:00:00+00:00,site_003,0.0,12.87,24.61,10.0,0.0,0.54,11.2,0.0
2026-01-17T22:00:00+00:00,site_003,0.0,8.52,8.42,10.2,0.1,0.0,0.0,0.0
2026-01-17T23:00:00+00:00,site_003,0.0,13.01,9.2,16.5,3.81,0.0,0.0,0.0
2026-01-18T00:00:00+00:00,site_003,0.0,10.49,11.99,14.0,0.0,1.5,0.0,0.0
2026-01-18T01:00:00+00:00,site_003,0.0,13.21,8.76,21.4,4.45,0.0,0.0,0.0
2026-01-18T02:00:00+00:00,site_003,0.0,7.97,12.94,13.1,0.0,4.97,0.0,0.0
2026-01-18T03:00:00+00:00,site_003,0.0,12.49,12.54,13.0,0.0,0.05,0.0,0.0
2026-01-18T04:00:00+00:00,site_003,0.0,10.92,8.27,17.4,2.65,0.0,0.0,0.0
2026-01-18T05:00:00+00:00,site_003,0.0,9.08,8.76,17.9,0.32,0.0,0.0,0.0
2026-01-18T06:00:00+00:00,site_003,0.0,3.89,9.25,10.0,0.0,4.74,0.62,0.0
2026-01-18T07:00:00+00:00,site_003,9.16,3.81,21.28,10.0,0.0,0.0,8.31,0.0
2026-01-18T08:00:00+00:00,site_003,16.29,4.4,22.31,10.0,0.0,0.0,1.62,0.0
2026-01-18T09:00:00+00:00,site_003,22.21,4.76,18.76,23.7,8.21,0.0,0.0,0.0
2026-01-18T10:00:00+00:00,site_003,31.03,3.83,14.4,48.7,15.0,0.0,0.0,5.46
2026-01-18T11:00:00+00:00,site_003,30.62,1.11,18.13,71.4,13.6,0.0,0.0,0.0
2026-01-18T12:00:00+00:00,site_003,36.18,0.0,17.45,96.4,15.0,0.0,0.0,3.73
2026-01-18T13:00:00+00:00,site_003,29.06,1.74,15.54,100.0,2.16,0.0,0.0,13.1
2026-01-18T14:00:00+00:00,site_003,33.36,3.81,18.5,100.0,0.0,0.0,0.0,18.67
2026-01-18T15:00:00+00:00,site_003,21.35,5.77,17.43,100.0,0.0,0.0,0.0,9.69
2026-01-18T16:00:00+00:00,site_003,16.16,3.78,19.06,100.0,0.0,0.0,0.0,0.88
2026-01-18T17:00:00+00:00,site_003,8.02,4.48,26.74,76.3,0.0,14.24,0.0,0.0
2026-01-18T18:00:00+00:00,site_003,0.0,4.87,24.91,51.3,0.0,15.0,5.04,0.0
2026-01-18T19:00:00+00:00,site_003,0.0,7.66,27.03,26.3,0.0,15.0,4.37,0.0
2026-01-18T20:00:00+00:00,site_003,0.0,6.13,23.64,10.0,0.0,9.78,7.73,0.0
2026-01-18T21:00:00+00:00,site_003,0.0,10.11,24.07,10.0,0.0,0.0,13.96,0.0
2026-01-18T22:00:00+00:00,site_003,0.0,10.01,8.99,11.7,1.02,0.0,0.0,0.0
2026-01-18T23:00:00+00:00,site_003,0.0,10.18,9.96,12.1,0.22,0.0,0.0,0.0
2026-01-19T00:00:00+00:00,site_003,0.0,12.0,11.18,13.5,0.82,0.0,0.0,0.0
2026-01-19T01:00:00+00:00,site_003,0.0,13.97,12.51,15.9,1.46,0.0,0.0,0.0
2026-01-19T02:00:00+00:00,site_003,0.0,12.52,13.13,14.9,0.0,0.61,0.0,0.0
2026-01-19T03:00:00+00:00,site_003,0.0,12.2,14.45,11.2,0.0,2.25,0.0,0.0
2026-01-19T04:00:00+00:00,site_003,0.0,10.89,10.15,12.4,0.74,0.0,0.0,0.0
2026-01-19T05:00:00+00:00,site_003,0.0,8.24,11.4,10.0,0.0,1.44,1.72,0.0
2026-01-19T06:00:00+00:00,site_003,0.0,9.13,13.28,10.0,0.0,0.0,4.15,0.0
2026-01-19T07:00:00+00:00,site_003,7.99,4.88,30.9,10.0,0.0,0.0,18.03,0.0
2026-01-19T08:00:00+00:00,site_003,18.06,5.25,27.24,10.0,0.0,0.0,3.93,0.0
2026-01-19T09:00:00+00:00,site_003,22.91,1.48,30.95,10.0,0.0,0.0,6.56,0.0
2026-01-19T10:00:00+00:00,site_003,33.86,1.83,21.91,33.0,13.78,0.0,0.0,0.0
2026-01-19T11:00:00+00:00,site_003,30.97,0.23,21.91,48.5,9.29,0.0,0.0,0.0
2026-01-19T12:00:00+00:00,site_003,38.0,4.43,20.74,73.5,15.0,0.0,0.0,6.69
2026-01-19T13:00:00+00:00,site_003,35.79,2.55,19.88,98.5,15.0,0.0,0.0,3.46
2026-01-19T14:00:00+00:00,site_003,34.6,5.71,19.93,100.0,0.9,0.0,0.0,19.48
2026-01-19T15:00:00+00:00,site_003,27.81,6.07,20.79,100.0,0.0,0.0,0.0,13.09
2026-01-19T16:00:00+00:00,site_003,17.79,7.19,19.79,100.0,0.0,0.0,0.0,5.19
2026-01-19T17:00:00+00:00,site_003,8.59,7.86,35.49,75.0,0.0,15.0,4.04,0.0
2026-01-19T18:00:00+00:00,site_003,0.0,9.03,33.92,50.0,0.0,15.0,9.89,0.0
2026-01-19T19:00:00+00:00,site_003,0.0,7.38,34.07,25.0,0.0,15.0,11.69,0.0
2026-01-19T20:00:00+00:00,site_003,0.0,11.6,36.32,10.0,0.0,9.0,15.72,0.0
2026-01-19T21:00:00+00:00,site_003,0.0,12.53,33.22,10.0,0.0,0.0,20.69,0.0
2026-01-19T22:00:00+00:00,site_003,0.0,12.32,10.53,13.0,1.79,0.0,0.0,0.0
2026-01-19T23:00:00+00:00,site_003,0.0,9.21,13.81,10.0,0.0,1.8,2.8,0.0
2026-01-20T00:00:00+00:00,site_003,0.0,11.92,11.33,11.0,0.59,0.0,0.0,0.0
2026-01-20T01:00:00+00:00,site_003,0.0,11.5,11.15,11.6,0.35,0.0,0.0,0.0
2026-01-20T02:00:00+00:00,site_003,0.0,9.04,13.44,10.0,0.0,0.96,3.44,0.0
2026-01-20T03:00:00+00:00,site_003,0.0,9.09,13.44,10.0,0.0,0.0,4.35,0.0
2026-01-20T04:00:00+00:00,site_003,0.0,8.86,12.51,10.0,0.0,0.0,3.65,0.0
2026-01-20T05:00:00+00:00,site_003,0.0,8.54,13.56,10.0,0.0,0.0,5.02,0.0
2026-01-20T06:00:00+00:00,site_003,0.0,8.86,12.46,10.0,0.0,0.0,3.6,0.0
2026-01-20T07:00:00+00:00,site_003,8.12,3.74,26.26,10.0,0.0,0.0,14.4,0.0
2026-01-20T08:00:00+00:00,site_003,18.82,1.59,27.45,10.0,0.0,0.0,7.04,0.0
2026-01-20T09:00:00+00:00,site_003,24.13,5.02,31.04,10.0,0.0,0.0,1.89,0.0
2026-01-20T10:00:00+00:00,site_003,32.54,0.25,23.84,24.9,8.95,0.0,0.0,0.0
2026-01-20T11:00:00+00:00,site_003,38.5,4.61,21.65,49.9,15.0,0.0,0.0,6.46
2026-01-20T12:00:00+00:00,site_003,33.25,2.0,20.43,74.6,14.82,0.0,0.0,0.0
2026-01-20T13:00:00+00:00,site_003,32.89,0.0,22.88,91.3,10.01,0.0,0.0,0.0
2026-01-20T14:00:00+00:00,site_003,29.27,1.73,22.26,100.0,5.22,0.0,0.0,3.52
2026-01-20T15:00:00+00:00,site_003,26.46,4.13,21.83,100.0,0.0,0.0,0.0,8.76
2026-01-20T16:00:00+00:00,site_003,19.38,6.22,21.8,100.0,0.0,0.0,0.0,3.8
2026-01-20T17:00:00+00:00,site_003,8.93,7.55,32.06,75.0,0.0,15.0,0.58,0.0
2026-01-20T18:00:00+00:00,site_003,0.0,6.86,33.83,50.0,0.0,15.0,11.97,0.0
2026-01-20T19:00:00+00:00,site_003,0.0,9.33,34.64,25.0,0.0,15.0,10.31,0.0
2026-01-20T20:00:00+00:00,site_003,0.0,9.1,35.0,10.0,0.0,9.0,16.9,0.0
2026-01-20T21:00:00+00:00,site_003,0.0,7.23,33.31,10.0,0.0,0.0,26.08,0.0
2026-01-20T22:00:00+00:00,site_003,0.0,10.04,11.52,10.0,0.0,0.0,1.48,0.0
2026-01-20T23:00:00+00:00,site_003,0.0,13.06,12.31,11.2,0.75,0.0,0.0,0.0
2026-01-21T00:00:00+00:00,site_003,0.0,10.78,13.07,10.0,0.0,0.72,1.57,0.0
2026-01-21T01:00:00+00:00,site_003,0.0,8.42,12.58,10.0,0.0,0.0,4.16,0.0
2026-01-21T02:00:00+00:00,site_003,0.0,8.5,14.15,10.0,0.0,0.0,5.65,0.0
2026-01-21T03:00:00+00:00,site_003,0.0,9.64,13.61,10.0,0.0,0.0,3.97,0.0
2026-01-21T04:00:00+00:00,site_003,0.0,6.68,13.89,10.0,0.0,0.0,7.21,0.0
2026-01-21T05:00:00+00:00,site_003,0.0,10.54,13.48,10.0,0.0,0.0,2.94,0.0
2026-01-21T06:00:00+00:00,site_003,0.0,6.23,12.25,10.0,0.0,0.0,6.02,0.0
2026-01-21T07:00:00+00:00,site_003,8.23,6.13,29.66,10.0,0.0,0.0,15.3,0.0
2026-01-21T08:00:00+00:00,site_003,16.01,4.23,27.35,10.0,0.0,0.0,7.11,0.0
2026-01-21T09:00:00+00:00,site_003,26.1,6.01,30.08,13.4,2.03,0.0,0.0,0.0
2026-01-21T10:00:00+00:00,site_003,32.2,0.59,19.77,35.1,13.02,0.0,0.0,0.0
2026-01-21T11:00:00+00:00,site_003,33.32,1.58,21.82,56.9,13.08,0.0,0.0,0.0
2026-01-21T12:00:00+00:00,site_003,33.84,4.0,21.76,81.9,15.0,0.0,0.0,1.08
2026-01-21T13:00:00+00:00,site_003,38.15,1.68,21.1,100.0,10.86,0.0,0.0,7.87
2026-01-21T14:00:00+00:00,site_003,32.63,5.33,22.03,100.0,0.0,0.0,0.0,15.93
2026-01-21T15:00:00+00:00,site_003,25.88,1.47,23.54,100.0,0.0,0.0,0.0,3.81
2026-01-21T16:00:00+00:00,site_003,15.89,5.77,21.3,100.0,0.0,0.0,0.0,0.36
2026-01-21T17:00:00+00:00,site_003,8.57,7.2,34.08,75.0,0.0,15.0,3.31,0.0
2026-01-21T18:00:00+00:00,site_003,0.0,4.46,32.51,50.0,0.0,15.0,13.05,0.0
2026-01-21T19:00:00+00:00,site_003,0.0,6.13,34.96,25.0,0.0,15.0,13.83,0.0
2026-01-21T20:00:00+00:00,site_003,0.0,7.52,34.14,10.0,0.0,9.0,17.62,0.0
2026-01-21T21:00:00+00:00,site_003,0.0,12.06,34.57,10.0,0.0,0.0,22.51,0.0
2026-01-21T22:00:00+00:00,site_003,0.0,7.68,14.41,10.0,0.0,0.0,6.73,0.0
2026-01-21T23:00:00+00:00,site_003,0.0,9.52,12.94,10.0,0.0,0.0,3.42,0.0
2026-01-22T00:00:00+00:00,site_003,0.0,11.1,12.05,10.0,0.0,0.0,0.95,0.0
2026-01-22T01:00:00+00:00,site_003,0.0,8.57,13.0,10.0,0.0,0.0,4.43,0.0
2026-01-22T02:00:00+00:00,site_003,0.0,9.12,12.74,10.0,0.0,0.0,3.62,0.0
2026-01-22T03:00:00+00:00,site_003,0.0,10.65,12.79,10.0,0.0,0.0,2.14,0.0
2026-01-22T04:00:00+00:00,site_003,0.0,10.95,10.24,11.2,0.71,0.0,0.0,0.0
2026-01-22T05:00:00+00:00,site_003,0.0,5.8,13.27,10.0,0.0,0.72,6.75,0.0
2026-01-22T06:00:00+00:00,site_003,0.0,8.87,13.33,10.0,0.0,0.0,4.46,0.0
2026-01-22T07:00:00+00:00,site_003,9.93,4.38,30.7,10.0,0.0,0.0,16.39,0.0
2026-01-22T08:00:00+00:00,site_003,15.25,4.0,26.99,10.0,0.0,0.0,7.74,0.0
2026-01-22T09:00:00+00:00,site_003,25.97,4.23,29.56,11.1,0.64,0.0,0.0,0.0
2026-01-22T10:00:00+00:00,site_003,31.13,4.58,20.09,36.1,15.0,0.0,0.0,0.62
2026-01-22T11:00:00+00:00,site_003,33.38,2.88,23.86,56.8,12.4,0.0,0.0,0.0
2026-01-22T12:00:00+00:00,site_003,30.93,1.05,21.04,75.0,10.94,0.0,0.0,0.0
2026-01-22T13:00:00+00:00,site_003,32.64,0.0,21.34,93.8,11.3,0.0,0.0,0.0
2026-01-22T14:00:00+00:00,site_003,30.75,1.61,19.87,100.0,3.72,0.0,0.0,8.77
2026-01-22T15:00:00+00:00,site_003,26.12,2.21,21.84,100.0,0.0,0.0,0.0,6.49
2026-01-22T16:00:00+00:00,site_003,17.62,5.67,22.26,100.0,0.0,0.0,0.0,1.03
2026-01-22T17:00:00+00:00,site_003,8.05,6.96,34.99,75.0,0.0,15.0,4.98,0.0
2026-01-22T18:00:00+00:00,site_003,0.0,6.65,35.29,50.0,0.0,15.0,13.64,0.0
2026-01-22T19:00:00+00:00,site_003,0.0,10.52,36.78,25.0,0.0,15.0,11.26,0.0
2026-01-22T20:00:00+00:00,site_003,0.0,7.72,34.89,10.0,0.0,9.0,18.17,0.0
2026-01-22T21:00:00+00:00,site_003,0.0,8.83,34.48,10.0,0.0,0.0,25.65,0.0
2026-01-22T22:00:00+00:00,site_003,0.0,13.62,11.77,13.1,1.85,0.0,0.0,0.0
2026-01-22T23:00:00+00:00,site_003,0.0,8.87,12.81,10.0,0.0,1.86,2.08,0.0
2026-01-23T00:00:00+00:00,site_003,0.0,11.37,13.16,10.0,0.0,0.0,1.79,0.0
2026-01-23T01:00:00+00:00,site_003,0.0,11.05,10.9,10.2,0.15,0.0,0.0,0.0
2026-01-23T02:00:00+00:00,site_003,0.0,11.3,13.54,10.0,0.0,0.12,2.12,0.0
2026-01-23T03:00:00+00:00,site_003,0.0,12.81,10.01,14.7,2.8,0.0,0.0,0.0
2026-01-23T04:00:00+00:00,site_003,0.0,6.14,13.13,10.0,0.0,2.82,4.17,0.0
2026-01-23T05:00:00+00:00,site_003,0.0,5.62,14.24,10.0,0.0,0.0,8.62,0.0
2026-01-23T06:00:00+00:00,site_003,0.0,9.74,12.07,10.0,0.0,0.0,2.33,0.0
2026-01-23T07:00:00+00:00,site_003,8.63,5.95,29.29,10.0,0.0,0.0,14.71,0.0
2026-01-23T08:00:00+00:00,site_003,15.06,2.71,27.51,10.0,0.0,0.0,9.74,0.0
2026-01-23T09:00:00+00:00,site_003,26.8,2.41,28.63,11.0,0.58,0.0,0.0,0.0
2026-01-23T10:00:00+00:00,site_003,28.79,0.0,22.63,21.3,6.16,0.0,0.0,0.0
2026-01-23T11:00:00+00:00,site_003,32.28,3.75,22.28,44.2,13.75,0.0,0.0,0.0
2026-01-23T12:00:00+00:00,site_003,30.29,0.3,20.85,60.4,9.74,0.0,0.0,0.0
2026-01-23T13:00:00+00:00,site_003,32.24,3.44,23.78,80.2,11.9,0.0,0.0,0.0
2026-01-23T14:00:00+00:00,site_003,32.89,3.73,21.61,100.0,11.88,0.0,0.0,3.13
2026-01-23T15:00:00+00:00,site_003,25.65,5.92,21.88,100.0,0.0,0.0,0.0,9.69
2026-01-23T16:00:00+00:00,site_003,16.68,6.2,21.27,100.0,0.0,0.0,0.0,1.61
2026-01-23T17:00:00+00:00,site_003,9.69,7.6,33.35,75.0,0.0,15.0,1.06,0.0
2026-01-23T18:00:00+00:00,site_003,0.0,5.64,34.53,50.0,0.0,15.0,13.89,0.0
2026-01-23T19:00:00+00:00,site_003,0.0,6.16,35.28,25.0,0.0,15.0,14.12,0.0
2026-01-23T20:00:00+00:00,site_003,0.0,10.8,36.29,10.0,0.0,9.0,16.49,0.0
2026-01-23T21:00:00+00:00,site_003,0.0,9.05,36.7,10.0,0.0,0.0,27.65,0.0
2026-01-23T22:00:00+00:00,site_003,0.0,9.33,10.16,10.0,0.0,0.0,0.83,0.0
2026-01-23T23:00:00+00:00,site_003,0.0,14.0,13.13,11.4,0.87,0.0,0.0,0.0
2026-01-24T00:00:00+00:00,site_003,0.0,13.3,11.05,15.2,2.25,0.0,0.0,0.0
2026-01-24T01:00:00+00:00,site_003,0.0,10.43,11.18,13.9,0.0,0.75,0.0,0.0
2026-01-24T02:00:00+00:00,site_003,0.0,12.83,11.96,15.4,0.87,0.0,0.0,0.0
2026-01-24T03:00:00+00:00,site_003,0.0,11.16,9.77,17.7,1.39,0.0,0.0,0.0
2026-01-24T04:00:00+00:00,site_003,0.0,6.19,10.27,10.9,0.0,4.08,0.0,0.0
2026-01-24T05:00:00+00:00,site_003,0.0,7.9,9.39,10.0,0.0,0.54,0.95,0.0
2026-01-24T06:00:00+00:00,site_003,0.0,9.45,9.28,10.3,0.17,0.0,0.0,0.0
2026-01-24T07:00:00+00:00,site_003,8.55,3.26,22.59,10.0,0.0,0.18,10.6,0.0
2026-01-24T08:00:00+00:00,site_003,18.89,6.98,20.88,18.3,4.99,0.0,0.0,0.0
2026-01-24T09:00:00+00:00,site_003,21.39,3.46,21.17,24.4,3.68,0.0,0.0,0.0
2026-01-24T10:00:00+00:00,site_003,27.63,5.39,17.84,49.4,15.0,0.0,0.0,0.18
2026-01-24T11:00:00+00:00,site_003,34.04,4.06,14.9,74.4,15.0,0.0,0.0,8.2
2026-01-24T12:00:00+00:00,site_003,38.72,4.18,18.87,99.4,15.0,0.0,0.0,9.03
2026-01-24T13:00:00+00:00,site_003,35.51,0.2,17.8,100.0,0.36,0.0,0.0,17.55
2026-01-24T14:00:00+00:00,site_003,29.96,4.13,16.79,100.0,0.0,0.0,0.0,17.3
2026-01-24T15:00:00+00:00,site_003,21.24,6.16,17.62,100.0,0.0,0.0,0.0,9.78
2026-01-24T16:00:00+00:00,site_003,17.97,2.02,16.51,100.0,0.0,0.0,0.0,3.48
2026-01-24T17:00:00+00:00,site_003,7.88,5.71,25.7,79.8,0.0,12.11,0.0,0.0
2026-01-24T18:00:00+00:00,site_003,0.0,7.22,23.96,54.8,0.0,15.0,1.74,0.0
2026-01-24T19:00:00+00:00,site_003,0.0,10.27,24.01,31.9,0.0,13.74,0.0,0.0
2026-01-24T20:00:00+00:00,site_003,0.0,7.16,23.79,10.0,0.0,13.14,3.49,0.0
2026-01-24T21:00:00+00:00,site_003,0.0,8.85,24.61,10.0,0.0,0.0,15.76,0.0
2026-01-24T22:00:00+00:00,site_003,0.0,8.35,8.95,10.0,0.0,0.0,0.6,0.0
2026-01-24T23:00:00+00:00,site_003,0.0,9.74,8.28,12.4,1.46,0.0,0.0,0.0
2026-01-25T00:00:00+00:00,site_003,0.0,11.99,10.77,14.4,1.22,0.0,0.0,0.0
2026-01-25T01:00:00+00:00,site_003,0.0,9.34,9.95,13.4,0.0,0.61,0.0,0.0
2026-01-25T02:00:00+00:00,site_003,0.0,9.56,8.91,14.5,0.65,0.0,0.0,0.0
2026-01-25T03:00:00+00:00,site_003,0.0,11.16,9.62,17.1,1.54,0.0,0.0,0.0
2026-01-25T04:00:00+00:00,site_003,0.0,7.47,8.56,15.3,0.0,1.09,0.0,0.0
2026-01-25T05:00:00+00:00,site_003,0.0,8.59,9.89,13.1,0.0,1.3,0.0,0.0
2026-01-25T06:00:00+00:00,site_003,0.0,4.53,10.55,10.0,0.0,1.86,4.16,0.0
2026-01-25T07:00:00+00:00,site_003,9.51,3.22,18.93,10.0,0.0,0.0,6.2,0.0
2026-01-25T08:00:00+00:00,site_003,17.13,2.57,21.65,10.0,0.0,0.0,1.95,0.0
2026-01-25T09:00:00+00:00,site_003,25.4,5.59,22.16,24.7,8.83,0.0,0.0,0.0
2026-01-25T10:00:00+00:00,site_003,31.32,1.73,18.27,49.3,14.78,0.0,0.0,0.0
2026-01-25T11:00:00+00:00,site_003,35.86,3.43,16.85,74.3,15.0,0.0,0.0,7.44
2026-01-25T12:00:00+00:00,site_003,39.74,3.78,16.51,99.3,15.0,0.0,0.0,12.01
2026-01-25T13:00:00+00:00,site_003,30.25,4.28,18.78,100.0,0.42,0.0,0.0,15.33
2026-01-25T14:00:00+00:00,site_003,30.04,2.59,17.6,100.0,0.0,0.0,0.0,15.03
2026-01-25T15:00:00+00:00,site_003,26.24,3.36,15.34,100.0,0.0,0.0,0.0,14.26
2026-01-25T16:00:00+00:00,site_003,16.12,6.67,17.26,100.0,0.0,0.0,0.0,5.53
2026-01-25T17:00:00+00:00,site_003,10.13,4.94,25.9,82.0,0.0,10.83,0.0,0.0
2026-01-25T18:00:00+00:00,site_003,0.0,8.48,26.81,57.0,0.0,15.0,3.33,0.0
2026-01-25T19:00:00+00:00,site_003,0.0,7.63,22.55,32.1,0.0,14.92,0.0,0.0
2026-01-25T20:00:00+00:00,site_003,0.0,8.85,24.16,10.0,0.0,13.26,2.05,0.0
2026-01-25T21:00:00+00:00,site_003,0.0,9.7,23.26,10.0,0.0,0.0,13.56,0.0
2026-01-25T22:00:00+00:00,site_003,0.0,12.25,11.22,11.7,1.03,0.0,0.0,0.0
2026-01-25T23:00:00+00:00,site_003,0.0,8.86,8.71,11.9,0.15,0.0,0.0,0.0
2026-01-26T00:00:00+00:00,site_003,0.0,13.16,13.98,10.5,0.0,0.82,0.0,0.0
2026-01-26T01:00:00+00:00,site_003,0.0,10.05,13.25,10.0,0.0,0.3,2.9,0.0
2026-01-26T02:00:00+00:00,site_003,0.0,12.4,12.66,10.0,0.0,0.0,0.26,0.0
2026-01-26T03:00:00+00:00,site_003,0.0,9.34,12.07,10.0,0.0,0.0,2.73,0.0
2026-01-26T04:00:00+00:00,site_003,0.0,9.73,12.74,10.0,0.0,0.0,3.01,0.0
2026-01-26T05:00:00+00:00,site_003,0.0,10.76,11.92,10.0,0.0,0.0,1.16,0.0
2026-01-26T06:00:00+00:00,site_003,0.0,8.63,12.95,10.0,0.0,0.0,4.32,0.0
2026-01-26T07:00:00+00:00,site_003,9.79,5.2,30.04,10.0,0.0,0.0,15.05,0.0
2026-01-26T08:00:00+00:00,site_003,17.72,2.92,29.41,10.0,0.0,0.0,8.77,0.0
2026-01-26T09:00:00+00:00,site_003,21.76,6.15,28.97,10.0,0.0,0.0,1.06,0.0
2026-01-26T10:00:00+00:00,site_003,30.2,3.41,21.51,30.2,12.1,0.0,0.0,0.0
2026-01-26T11:00:00+00:00,site_003,34.34,4.34,20.08,55.2,15.0,0.0,0.0,3.6
2026-01-26T12:00:00+00:00,site_003,39.56,0.0,19.74,80.2,15.0,0.0,0.0,4.82
2026-01-26T13:00:00+00:00,site_003,36.84,4.03,21.09,100.0,11.88,0.0,0.0,7.9
2026-01-26T14:00:00+00:00,site_003,30.26,3.81,19.65,100.0,0.0,0.0,0.0,14.42
2026-01-26T15:00:00+00:00,site_003,26.99,5.89,23.72,100.0,0.0,0.0,0.0,9.16
2026-01-26T16:00:00+00:00,site_003,18.18,1.5,19.93,99.6,0.0,0.25,0.0,0.0
2026-01-26T17:00:00+00:00,site_003,8.15,5.77,33.8,74.6,0.0,15.0,4.88,0.0
2026-01-26T18:00:00+00:00,site_003,0.0,4.92,35.26,49.6,0.0,15.0,15.34,0.0
2026-01-26T19:00:00+00:00,site_003,0.0,6.81,34.7,24.6,0.0,15.0,12.89,0.0
2026-01-26T20:00:00+00:00,site_003,0.0,11.48,33.37,10.0,0.0,8.76,13.13,0.0
2026-01-26T21:00:00+00:00,site_003,0.0,12.59,34.02,10.0,0.0,0.0,21.43,0.0
2026-01-26T22:00:00+00:00,site_003,0.0,13.54,11.72,13.0,1.82,0.0,0.0,0.0
2026-01-26T23:00:00+00:00,site_003,0.0,8.63,10.04,10.7,0.0,1.41,0.0,0.0
2026-01-27T00:00:00+00:00,site_003,0.0,14.17,12.02,14.3,2.15,0.0,0.0,0.0
2026-01-27T01:00:00+00:00,site_003,0.0,8.86,11.47,10.0,0.0,2.58,0.03,0.0
2026-01-27T02:00:00+00:00,site_003,0.0,9.86,12.74,10.0,0.0,0.0,2.88,0.0
2026-01-27T03:00:00+00:00,site_003,0.0,7.25,13.52,10.0,0.0,0.0,6.27,0.0
2026-01-27T04:00:00+00:00,site_003,0.0,10.92,11.8,10.0,0.0,0.0,0.88,0.0
2026-01-27T05:00:00+00:00,site_003,0.0,10.08,14.33,10.0,0.0,0.0,4.25,0.0
2026-01-27T06:00:00+00:00,site_003,0.0,7.96,11.97,10.0,0.0,0.0,4.01,0.0
2026-01-27T07:00:00+00:00,site_003,8.59,4.88,28.01,10.0,0.0,0.0,14.54,0.0
2026-01-27T08:00:00+00:00,site_003,17.73,5.47,28.47,10.0,0.0,0.0,5.27,0.0
2026-01-27T09:00:00+00:00,site_003,22.54,2.88,30.72,10.0,0.0,0.0,5.3,0.0
2026-01-27T10:00:00+00:00,site_003,33.26,0.78,24.19,26.4,9.85,0.0,0.0,0.0
2026-01-27T11:00:00+00:00,site_003,35.45,0.21,19.56,51.4,15.0,0.0,0.0,1.1
2026-01-27T12:00:00+00:00,site_003,30.16,3.58,21.63,71.6,12.11,0.0,0.0,0.0
2026-01-27T13:00:00+00:00,site_003,33.2,5.34,19.62,96.6,15.0,0.0,0.0,3.92
2026-01-27T14:00:00+00:00,site_003,31.54,2.35,21.48,100.0,2.04,0.0,0.0,10.37
2026-01-27T15:00:00+00:00,site_003,26.79,4.19,21.33,100.0,0.0,0.0,0.0,9.65
2026-01-27T16:00:00+00:00,site_003,15.9,4.56,21.96,97.5,0.0,1.5,0.0,0.0
2026-01-27T17:00:00+00:00,site_003,8.93,4.72,32.78,72.5,0.0,15.0,4.13,0.0
2026-01-27T18:00:00+00:00,site_003,0.0,7.22,36.08,47.5,0.0,15.0,13.86,0.0
2026-01-27T19:00:00+00:00,site_003,0.0,6.34,34.36,22.5,0.0,15.0,13.02,0.0
2026-01-27T20:00:00+00:00,site_003,0.0,8.47,34.58,10.0,0.0,7.5,18.61,0.0
2026-01-27T21:00:00+00:00,site_003,0.0,9.13,36.74,10.0,0.0,0.0,27.61,0.0
2026-01-27T22:00:00+00:00,site_003,0.0,11.06,13.52,10.0,0.0,0.0,2.46,0.0
2026-01-27T23:00:00+00:00,site_003,0.0,8.78,12.41,10.0,0.0,0.0,3.63,0.0
2026-01-28T00:00:00+00:00,site_003,0.0,12.39,10.71,12.8,1.68,0.0,0.0,0.0
2026-01-28T01:00:00+00:00,site_003,0.0,12.48,14.92,10.0,0.0,1.68,0.76,0.0
2026-01-28T02:00:00+00:00,site_003,0.0,13.55,13.89,10.0,0.0,0.0,0.34,0.0
2026-01-28T03:00:00+00:00,site_003,0.0,9.72,10.39,10.0,0.0,0.0,0.67,0.0
2026-01-28T04:00:00+00:00,site_003,0.0,11.34,10.44,11.5,0.9,0.0,0.0,0.0
2026-01-28T05:00:00+00:00,site_003,0.0,7.75,13.71,10.0,0.0,0.9,5.06,0.0
2026-01-28T06:00:00+00:00,site_003,0.0,4.22,13.17,10.0,0.0,0.0,8.95,0.0
2026-01-28T07:00:00+00:00,site_003,9.83,4.46,26.36,10.0,0.0,0.0,12.07,0.0
2026-01-28T08:00:00+00:00,site_003,16.72,6.17,28.44,10.0,0.0,0.0,5.55,0.0
2026-01-28T09:00:00+00:00,site_003,24.84,3.38,29.77,10.0,0.0,0.0,1.55,0.0
2026-01-28T10:00:00+00:00,site_003,29.63,5.62,23.19,30.1,12.06,0.0,0.0,0.0
2026-01-28T11:00:00+00:00,site_003,31.77,0.0,23.81,43.4,7.96,0.0,0.0,0.0
2026-01-28T12:00:00+00:00,site_003,37.49,3.61,22.02,68.4,15.0,0.0,0.0,4.08
2026-01-28T13:00:00+00:00,site_003,29.57,2.24,20.05,88.0,11.76,0.0,0.0,0.0
2026-01-28T14:00:00+00:00,site_003,26.43,5.8,23.24,100.0,7.2,0.0,0.0,1.79
2026-01-28T15:00:00+00:00,site_003,25.63,2.29,19.61,100.0,0.0,0.0,0.0,8.31
2026-01-28T16:00:00+00:00,site_003,17.53,6.61,20.59,100.0,0.0,0.0,0.0,3.55
2026-01-28T17:00:00+00:00,site_003,8.11,4.27,36.14,75.0,0.0,15.0,8.76,0.0
2026-01-28T18:00:00+00:00,site_003,0.0,4.42,32.72,50.0,0.0,15.0,13.3,0.0
2026-01-28T19:00:00+00:00,site_003,0.0,8.47,32.61,25.0,0.0,15.0,9.14,0.0
2026-01-28T20:00:00+00:00,site_003,0.0,8.68,35.89,10.0,0.0,9.0,18.21,0.0
2026-01-28T21:00:00+00:00,site_003,0.0,8.5,35.35,10.0,0.0,0.0,26.85,0.0
2026-01-28T22:00:00+00:00,site_003,0.0,10.56,14.0,10.0,0.0,0.0,3.44,0.0
2026-01-28T23:00:00+00:00,site_003,0.0,13.27,11.71,12.6,1.56,0.0,0.0,0.0
2026-01-29T00:00:00+00:00,site_003,0.0,8.76,10.73,10.0,0.0,1.56,0.41,0.0
2026-01-29T01:00:00+00:00,site_003,0.0,13.7,10.77,14.9,2.93,0.0,0.0,0.0
2026-01-29T02:00:00+00:00,site_003,0.0,10.62,14.97,10.0,0.0,2.94,1.41,0.0
2026-01-29T03:00:00+00:00,site_003,0.0,11.55,11.19,10.6,0.36,0.0,0.0,0.0
2026-01-29T04:00:00+00:00,site_003,0.0,8.64,13.19,10.0,0.0,0.36,4.19,0.0
2026-01-29T05:00:00+00:00,site_003,0.0,6.18,13.67,10.0,0.0,0.0,7.49,0.0
2026-01-29T06:00:00+00:00,site_003,0.0,7.6,13.78,10.0,0.0,0.0,6.18,0.0
2026-01-29T07:00:00+00:00,site_003,8.06,3.59,28.09,10.0,0.0,0.0,16.44,0.0
2026-01-29T08:00:00+00:00,site_003,16.51,5.98,29.86,10.0,0.0,0.0,7.37,0.0
2026-01-29T09:00:00+00:00,site_003,24.98,2.85,29.63,10.0,0.0,0.0,1.8,0.0
2026-01-29T10:00:00+00:00,site_003,30.09,0.72,23.55,22.1,7.26,0.0,0.0,0.0
2026-01-29T11:00:00+00:00,site_003,29.09,4.97,21.44,43.1,12.62,0.0,0.0,0.0
2026-01-29T12:00:00+00:00,site_003,36.78,5.02,22.61,68.1,15.0,0.0,0.0,4.19
2026-01-29T13:00:00+00:00,site_003,29.37,4.91,22.39,87.9,11.89,0.0,0.0,0.0
2026-01-29T14:00:00+00:00,site_003,34.26,2.44,23.79,100.0,7.26,0.0,0.0,5.65
2026-01-29T15:00:00+00:00,site_003,27.28,2.58,20.54,100.0,0.0,0.0,0.0,9.32
2026-01-29T16:00:00+00:00,site_003,15.49,5.43,21.16,99.6,0.0,0.24,0.0,0.0
2026-01-29T17:00:00+00:00,site_003,9.77,7.08,35.52,74.6,0.0,15.0,3.67,0.0
2026-01-29T18:00:00+00:00,site_003,0.0,4.92,33.54,49.6,0.0,15.0,13.62,0.0
2026-01-29T19:00:00+00:00,site_003,0.0,9.06,32.75,24.6,0.0,15.0,8.69,0.0
2026-01-29T20:00:00+00:00,site_003,0.0,9.29,35.21,10.0,0.0,8.76,17.16,0.0
2026-01-29T21:00:00+00:00,site_003,0.0,11.92,31.91,10.0,0.0,0.0,19.99,0.0
2026-01-29T22:00:00+00:00,site_003,0.0,8.23,10.52,10.0,0.0,0.0,2.29,0.0
2026-01-29T23:00:00+00:00,site_003,0.0,10.77,11.1,10.0,0.0,0.0,0.33,0.0
2026-01-30T00:00:00+00:00,site_003,0.0,9.95,10.97,10.0,0.0,0.0,1.02,0.0
2026-01-30T01:00:00+00:00,site_003,0.0,8.24,10.46,10.0,0.0,0.0,2.22,0.0
2026-01-30T02:00:00+00:00,site_003,0.0,13.28,13.28,10.0,0.0,0.0,0.0,0.0
2026-01-30T03:00:00+00:00,site_003,0.0,11.94,14.75,10.0,0.0,0.0,2.81,0.0
2026-01-30T04:00:00+00:00,site_003,0.0,9.83,13.54,10.0,0.0,0.0,3.71,0.0
2026-01-30T05:00:00+00:00,site_003,0.0,5.63,14.28,10.0,0.0,0.0,8.65,0.0
2026-01-30T06:00:00+00:00,site_003,0.0,7.69,14.5,10.0,0.0,0.0,6.81,0.0
2026-01-30T07:00:00+00:00,site_003,9.23,8.39,30.58,10.0,0.0,0.0,12.96,0.0
2026-01-30T08:00:00+00:00,site_003,18.48,3.02,28.43,10.0,0.0,0.0,6.93,0.0
2026-01-30T09:00:00+00:00,site_003,27.83,4.4,30.71,12.5,1.52,0.0,0.0,0.0
2026-01-30T10:00:00+00:00,site_003,28.37,2.41,23.72,24.3,7.06,0.0,0.0,0.0
2026-01-30T11:00:00+00:00,site_003,36.41,1.34,20.01,49.3,15.0,0.0,0.0,2.74
2026-01-30T12:00:00+00:00,site_003,30.74,3.91,21.11,71.9,13.54,0.0,0.0,0.0
2026-01-30T13:00:00+00:00,site_003,32.19,0.0,23.98,85.6,8.21,0.0,0.0,0.0
2026-01-30T14:00:00+00:00,site_003,28.27,2.5,21.66,100.0,8.64,0.0,0.0,0.47
2026-01-30T15:00:00+00:00,site_003,27.78,4.23,20.09,100.0,0.0,0.0,0.0,11.92
2026-01-30T16:00:00+00:00,site_003,17.46,2.36,23.04,94.6,0.0,3.22,0.0,0.0
2026-01-30T17:00:00+00:00,site_003,8.33,6.45,36.41,69.6,0.0,15.0,6.63,0.0
2026-01-30T18:00:00+00:00,site_003,0.0,4.37,32.21,44.6,0.0,15.0,12.84,0.0
2026-01-30T19:00:00+00:00,site_003,0.0,8.34,33.1,19.6,0.0,15.0,9.76,0.0
2026-01-30T20:00:00+00:00,site_003,0.0,8.68,36.33,10.0,0.0,5.76,21.89,0.0
2026-01-30T21:00:00+00:00,site_003,0.0,7.83,35.05,10.0,0.0,0.0,27.22,0.0
2026-01-30T22:00:00+00:00,site_003,0.0,13.24,13.32,10.0,0.0,0.0,0.08,0.0
2026-01-30T23:00:00+00:00,site_003,0.0,9.7,13.5,10.0,0.0,0.0,3.8,0.0
